,SchoolCode,College Going Rate - Total (12 Months)
0,0130625,26.8
1,0130229,82.8
2,0106401,80.5
3,0130450,81.5
4,0131177,79.4
5,0133876,66.7
6,0132225,84.6
7,0132746,60.0
8,0134452,75.4
9,0130062,85.2
10,0135244,88.1
11,0138693,82.0
12,0134270,88.1
13,0138339,54.8
14,0108670,81.0
15,0133629,61.3
16,0135319,70.2
17,0134536,70.9
18,0133397,80.9
19,0130054,74.6
20,0110460,25.6
21,0134668,79.1
22,0110478,*
23,0100065,62.2
24,0136051,79.5
25,0110189,68.3
26,0130179,*
27,0130146,17.6
28,0137943,73.6
29,0126748,50.0
30,0135905,75.7
31,0115667,43.1
32,0108944,83.6
33,0119859,56.0
34,0125161,54.8
35,0111856,82.6
36,0115238,57.8
37,0125716,40.4
38,0136515,89.8
39,0130286,75.0
40,0137588,67.9
41,0114421,86.9
42,0111799,55.2
43,0130849,70.7
44,0137810,52.8
45,0132704,88.4
46,0130583,89.5
47,0130096,89.1
48,0138289,52.2
49,0330035,*
50,0330753,54.4
51,0334755,58.8
52,0134213,20.7
53,0430827,46.7
54,0437558,80.4
55,0431502,38.8
56,0431676,82.1
57,0120394,72.0
58,0433201,71.0
59,0435602,50.5
60,0434803,53.6
61,0437350,62.3
62,0433953,78.4
63,9010745,*
64,0532507,68.0
65,0631259,68.8
66,0634758,59.1
67,0635250,55.1
68,0731380,84.8
69,0733725,88.2
70,0734244,91.6
71,0731125,89.8
72,0730283,91.8
73,0107524,81.8
74,0730465,63.5
75,0117218,82.5
76,0730861,54.7
77,0737023,58.9
78,0730572,35.6
79,0107797,77.9
80,0733980,69.1
81,0730457,63.5
82,0730549,70.4
83,0737809,59.8
84,0730044,88.5
85,0734566,56.7
86,0731646,80.8
87,0731836,64.6
88,0735407,63.3
89,0730598,78.7
90,0735902,49.0
91,0730291,94.4
92,0732941,76.0
93,0735316,74.3
94,0101477,62.6
95,0733659,42.1
96,0732164,61.1
97,0113118,89.0
98,0730051,89.0
99,0734368,86.7
100,0736504,88.3
101,0132233,62.9
102,0830042,*
103,0833004,61.0
104,0930123,44.6
105,0930131,9.1
106,0930214,60.0
107,0936302,72.2
108,0932756,63.3
109,0930081,86.7
110,0930164,59.2
111,0937805,79.2
112,0136291,50.0
113,0109991,35.7
114,1031053,77.8
115,1030196,81.8
116,1030683,80.7
117,1030501,81.6
118,0113555,89.8
119,1032150,74.9
120,1030295,79.3
121,6112619,*
122,1031897,74.2
123,0108555,96.3
124,1030642,40.0
125,1034214,66.2
126,1032507,76.1
127,1035831,68.4
128,1030279,77.0
129,0132134,88.9
130,1030675,73.8
131,0114553,96.5
132,1032911,65.0
133,1033695,65.4
134,0124727,35.1
135,0126292,94.3
136,0108092,75.5
137,1035310,78.5
138,1033950,50.0
139,0140434,*
140,1034990,69.5
141,0126870,25.0
142,0136499,29.5
143,1036094,70.6
144,1036672,66.0
145,0136523,31.1
146,1030121,79.5
147,1030626,79.9
148,1030790,80.0
149,1035112,47.4
150,1033430,72.8
151,1033422,41.4
152,1030493,72.2
153,1037456,54.9
154,1036938,71.6
155,1035575,78.5
156,1030535,70.3
157,1038306,70.8
158,0122473,32.4
159,1136209,*
160,1132109,*
161,1132851,61.8
162,1135656,69.2
163,1133701,74.6
164,0106203,*
165,1235209,63.4
166,1230705,69.4
167,0107110,80.0
168,0108688,84.0
169,1233402,68.7
170,1234004,61.4
171,1237007,51.9
172,1232909,78.3
173,1230085,*
174,1232206,65.9
175,1330117,*
176,1331404,75.0
177,1332154,60.6
178,1332204,84.9
179,1332501,74.5
180,1330133,83.5
181,1333004,75.8
182,1335306,80.3
183,1335900,80.1
184,1337609,61.8
185,0128454,38.7
186,0117994,28.3
187,0128447,20.8
188,1431352,*
189,1434901,34.6
190,1436203,*
191,1431600,57.5
192,0119081,*
193,0116384,48.3
194,0100529,51.3
195,1531672,47.0
196,1536606,52.5
197,1530252,50.8
198,0116400,50.4
199,1533330,54.5
200,1532290,50.5
201,1530369,58.9
202,0110999,56.5
203,1530344,68.8
204,1535087,46.6
205,1533538,23.9
206,0100198,48.8
207,0116392,56.8
208,1534775,42.2
209,1530476,59.0
210,1530385,52.6
211,1535392,51.0
212,1532605,51.5
213,1530708,51.4
214,0127209,16.7
215,1533843,72.7
216,0114512,40.7
217,1534957,49.7
218,1535905,64.4
219,1536135,46.3
220,1536440,54.6
221,1531367,47.9
222,1534155,54.1
223,1530146,18.2
224,1530401,36.1
225,1632207,66.7
226,0118919,81.5
227,1630151,*
228,0137901,33.3
229,1630169,62.8
230,1634401,71.8
231,0136556,35.4
232,1635606,76.0
233,0110205,83.7
234,0136234,38.3
235,1630953,80.0
236,1734359,56.0
237,1735000,47.4
238,1732304,72.7
239,1736008,52.0
240,1737006,43.7
241,1833805,61.5
242,1838507,61.5
243,1833409,*
244,0136119,62.5
245,1995869,90.8
246,0121939,*
247,0134346,85.0
248,1933399,76.6
249,0138669,37.5
250,1930056,67.8
251,1931641,8.2
252,1933159,48.7
253,1930361,46.2
254,1931732,27.2
255,1995406,49.4
256,0108407,54.7
257,1996537,32.1
258,1995844,60.2
259,1930213,44.0
260,1937051,66.6
261,0100081,62.6
262,1995398,63.7
263,1936624,53.9
264,0111872,92.7
265,1930288,89.7
266,1930528,82.9
267,1996479,39.2
268,1930601,66.9
269,1938166,73.6
270,1930700,63.8
271,1930981,83.9
272,1937739,86.4
273,1931088,83.1
274,0131573,58.3
275,1931237,73.8
276,1995877,*
277,1931187,77.5
278,0118521,36.4
279,0128496,7.0
280,1933951,69.0
281,1934926,74.0
282,1935048,71.5
283,0128488,29.6
284,1931666,73.3
285,1930312,32.4
286,1931823,81.5
287,1938372,79.3
288,1932086,77.7
289,1936418,77.1
290,1932201,80.5
291,1932441,52.9
292,1939164,54.4
293,1932482,76.8
294,0134858,87.0
295,1995661,77.9
296,1937481,81.9
297,1932664,75.7
298,1930320,70.7
299,1996123,*
300,1932680,68.7
301,1932706,65.7
302,1932763,89.2
303,1930353,52.6
304,1932144,89.6
305,1933530,77.0
306,1996131,90.2
307,1934082,80.5
308,1939677,30.0
309,1933597,86.6
310,0100354,95.9
311,1996529,74.2
312,1996586,77.8
313,1934231,47.4
314,1930080,83.4
315,1931781,76.5
316,1996438,86.2
317,1996313,80.6
318,0100602,83.6
319,1939875,81.7
320,0132324,90.7
321,1934678,79.9
322,1935758,87.5
323,1934470,71.4
324,1936947,80.8
325,0127381,91.1
326,0135525,78.3
327,0131938,*
328,1995539,89.5
329,1995935,73.3
330,1996503,83.0
331,0127894,56.0
332,0123133,61.9
333,1930387,13.8
334,0112052,46.3
335,0126524,53.1
336,0137562,9.6
337,0100677,71.0
338,1933241,64.1
339,0126573,30.6
340,0108894,79.6
341,1934371,43.8
342,1931708,54.5
343,1995448,79.7
344,0101659,64.3
345,1938885,74.8
346,0129585,48.5
347,0124362,58.8
348,1939941,62.6
349,1930734,24.0
350,1930940,30.8
351,1936160,65.6
352,1931047,62.8
353,1932383,45.6
354,0124487,53.5
355,0109462,40.4
356,1934033,61.4
357,1936350,62.2
358,0107003,58.8
359,0111492,70.1
360,1937085,*
361,0100800,57.4
362,1931435,19.2
363,0124503,52.3
364,0115253,50.0
365,0117721,68.9
366,0132126,51.0
367,1938554,49.6
368,1933001,81.1
369,0114850,55.3
370,0106849,75.0
371,1932821,4.3
372,1930296,18.0
373,0119966,60.0
374,0131821,76.7
375,1995836,84.7
376,0117606,80.9
377,0126532,54.7
378,0137612,75.8
379,1996073,10.0
380,0135715,80.6
381,0111625,63.8
382,1931450,9.1
383,1930924,46.9
384,0118588,44.7
385,0109454,51.3
386,0124479,48.4
387,0106831,66.0
388,0106997,84.4
389,0117051,50.3
390,1931971,19.4
391,1931856,28.1
392,0117069,48.4
393,1930866,57.4
394,0121285,57.9
395,1937424,57.6
396,0132027,73.8
397,0117747,59.1
398,0126623,71.1
399,0126516,77.4
400,0120808,13.3
401,0129536,58.3
402,0126557,54.3
403,0124404,62.1
404,1930619,7.7
405,1931534,16.7
406,1932623,55.6
407,0102921,94.4
408,1932920,71.7
409,0112045,50.0
410,0133868,74.0
411,0117911,52.2
412,1931930,28.2
413,0101675,59.3
414,0124891,70.1
415,1932888,79.6
416,0102434,65.1
417,1931336,22.4
418,1937838,63.6
419,0112029,55.7
420,0111583,61.7
421,1931682,17.6
422,0126136,66.7
423,0112037,40.2
424,1931690,15.6
425,1931484,15.8
426,0127795,42.3
427,0124495,57.3
428,1930403,*
429,1931500,20.9
430,1931955,*
431,1931476,47.6
432,0126540,71.7
433,1938307,53.7
434,1933381,57.7
435,0122606,67.4
436,0111658,74.6
437,0111484,46.2
438,0127787,57.1
439,0122366,54.2
440,0132282,75.2
441,0122358,50.5
442,1930577,25.0
443,1930791,15.0
444,1931864,53.3
445,0112870,53.8
446,1938968,55.1
447,0126615,62.7
448,1933795,56.2
449,0123141,72.5
450,0125989,71.8
451,0126482,44.4
452,1932342,20.0
453,1931526,63.8
454,0101196,55.0
455,0117598,56.3
456,1939859,58.0
457,0124370,52.5
458,1935519,46.7
459,0130997,47.7
460,1934454,58.6
461,1931997,9.5
462,1939479,58.6
463,0120360,57.7
464,0108878,50.9
465,1939107,64.3
466,0124396,48.6
467,0119727,63.6
468,1937622,54.7
469,0125864,93.1
470,0135723,72.5
471,1935568,72.5
472,0111500,76.7
473,1932250,15.4
474,0124511,48.1
475,0109447,58.6
476,1931393,40.7
477,1931385,11.1
478,1930551,21.4
479,0108936,67.6
480,1935865,52.1
481,1931559,10.0
482,0109512,6.0
483,0107755,73.3
484,0124941,77.0
485,0122374,66.7
486,0112508,67.8
487,1938612,60.8
488,1930429,18.8
489,1933852,74.1
490,1930486,*
491,1932334,27.7
492,0137083,81.8
493,0127910,61.5
494,1934157,48.6
495,0124933,63.0
496,0129627,65.5
497,1930692,*
498,0124388,58.8
499,0110668,36.4
500,0102913,87.1
501,0137091,57.3
502,1995794,7.1
503,1930650,51.0
504,1933118,53.3
505,0135632,75.4
506,1939305,53.7
507,0122341,56.5
508,0122382,33.3
509,1932987,56.2
510,1939040,74.9
511,0100750,65.5
512,0116509,67.3
513,1931989,7.1
514,0127803,64.3
515,1931518,11.1
516,0111575,57.7
517,1932128,49.0
518,1935352,57.7
519,0122333,72.1
520,1930973,22.4
521,1935121,61.1
522,0117762,62.2
523,0109538,57.6
524,1935436,57.9
525,1935923,76.6
526,1930155,59.3
527,1930825,46.2
528,1935998,50.5
529,0124552,63.3
530,1933647,30.2
531,1936467,42.1
532,1934728,60.4
533,1995588,89.0
534,1996552,90.2
535,0136705,58.8
536,1936749,47.7
537,1936822,87.3
538,1936103,74.8
539,1933175,57.6
540,1933324,61.6
541,1937028,49.1
542,1995901,79.6
543,1996495,67.7
544,1937754,93.7
545,1938000,81.6
546,1933373,23.1
547,1995737,78.8
548,1938455,87.0
549,1938679,93.0
550,1936277,84.0
551,1938356,83.7
552,1939602,85.5
553,1938752,75.8
554,0137042,95.7
555,0122432,81.7
556,1939537,70.8
557,1934868,81.2
558,1995653,30.4
559,1936889,71.9
560,1931302,73.1
561,1937903,68.2
562,1939701,77.4
563,0102459,74.9
564,0102475,85.8
565,1931740,78.1
566,1931492,75.3
567,1995802,85.2
568,1996321,92.4
569,1933902,77.3
570,0132969,89.6
571,1932326,54.1
572,1931567,56.3
573,1996057,14.3
574,1931963,61.3
575,1995695,22.8
576,1939834,87.6
577,1939925,58.6
578,1935246,75.3
579,1934801,68.2
580,1936228,61.9
581,1937564,80.6
582,1939149,90.9
583,1932862,93.2
584,1995810,86.3
585,1995786,46.7
586,0134619,36.4
587,0127100,22.6
588,1935808,91.1
589,1937143,87.0
590,1937697,77.6
591,1934553,78.2
592,1930163,74.9
593,0119016,93.4
594,0131128,80.8
595,0119636,78.6
596,2032357,36.9
597,0139691,73.8
598,0110965,74.6
599,0118950,62.5
600,2035707,72.0
601,2030203,70.2
602,0111443,*
603,0125021,72.9
604,0100180,*
605,0117010,80.0
606,2030237,65.0
607,2030013,63.5
608,2030104,30.8
609,2132272,76.2
610,2133056,85.9
611,2133262,80.9
612,2134005,83.1
613,2131340,86.6
614,2133692,83.9
615,2130078,65.8
616,2132587,87.3
617,2134310,73.2
618,2230076,0.0
619,2235356,50.5
620,2331361,58.1
621,2333185,62.8
622,2333649,50.0
623,2330033,8.3
624,2334563,50.0
625,2335024,68.1
626,0136887,25.0
627,2335487,51.9
628,2330041,54.2
629,2332260,46.2
630,2330207,*
631,2332724,*
632,2430163,22.6
633,2432409,55.2
634,2433001,58.4
635,2434207,47.5
636,0120923,45.5
637,2430205,41.8
638,2430098,36.6
639,0127373,50.9
640,2433605,46.1
641,2430601,37.7
642,2430049,13.7
643,2435204,35.6
644,2431807,43.6
645,2430015,0.0
646,2431203,40.7
647,2430114,58.8
648,2530020,*
649,2535409,46.3
650,0124990,8.3
651,2630028,*
652,2635001,*
653,2633006,61.1
654,2630010,56.0
655,2730265,26.5
656,2730117,40.0
657,2730414,81.9
658,2732170,70.1
659,0141010,32.0
660,2730174,66.2
661,2735348,67.3
662,0111435,71.0
663,2732808,72.7
664,2733657,83.5
665,2730109,82.7
666,2734556,81.7
667,0136697,75.0
668,2730166,77.7
669,2733178,73.1
670,2730034,65.4
671,2730190,66.0
672,2730885,61.0
673,2830073,*
674,2835601,72.5
675,2830016,70.0
676,0121087,75.9
677,2830115,73.8
678,2837102,74.3
679,0114314,29.4
680,0124834,39.4
681,2930048,73.3
682,2930030,46.0
683,0112367,94.3
684,2935500,67.7
685,0133983,80.9
686,0134841,36.4
687,3038239,65.8
688,3033057,69.5
689,3033115,83.9
690,3030038,86.9
691,3034204,59.9
692,3030228,71.8
693,3033784,72.2
694,3036712,66.9
695,3030640,82.2
696,3030210,86.4
697,0124131,85.7
698,3037090,76.2
699,3030335,48.0
700,3032505,81.9
701,3037496,88.8
702,3030855,74.9
703,3037348,88.7
704,3033362,74.3
705,3030434,83.5
706,3032752,76.2
707,3036555,70.7
708,3033578,89.0
709,3033933,73.5
710,3035706,73.3
711,3035581,86.8
712,3034410,81.9
713,3030145,69.6
714,3030368,58.8
715,3031895,87.6
716,3032158,90.5
717,3032943,86.6
718,3038445,75.2
719,3033206,87.7
720,3035045,83.8
721,3034907,27.3
722,0111666,86.5
723,3038098,78.1
724,3030046,87.3
725,3035409,66.7
726,3031952,74.5
727,0119404,84.9
728,3030053,81.4
729,3031929,83.2
730,3038023,81.5
731,0114736,85.1
732,3036357,69.4
733,0106567,76.9
734,3030608,88.4
735,3030491,60.9
736,3036456,69.8
737,0108365,88.0
738,3030392,87.3
739,3030079,40.8
740,3030061,79.7
741,3030244,80.2
742,3034956,81.4
743,3032109,85.5
744,3037553,73.4
745,0102871,91.0
746,3030285,89.8
747,3030129,52.4
748,3035102,88.5
749,0133405,91.6
750,3030657,86.6
751,3030152,90.0
752,3033917,89.9
753,3130101,*
754,3131851,71.2
755,0138081,29.0
756,3132453,78.8
757,3135704,70.9
758,0102293,58.8
759,3135308,80.4
760,3130184,89.4
761,3130119,51.1
762,0139840,84.2
763,0116459,78.0
764,3130176,83.0
765,3136504,79.3
766,3130010,67.3
767,3138500,75.5
768,0140541,*
769,3134657,69.4
770,0108084,88.6
771,3130150,84.4
772,0100057,*
773,0128777,46.9
774,0125237,56.7
775,0128397,22.5
776,3334299,50.3
777,3330008,55.1
778,0125732,53.2
779,3330479,62.6
780,3331600,55.5
781,0110759,78.8
782,3330701,71.5
783,0110627,69.5
784,3330446,57.7
785,3334232,54.3
786,0118885,66.8
787,3330669,74.5
788,3330388,79.0
789,3333192,63.1
790,0113159,52.9
791,3332673,52.6
792,3330537,55.5
793,0114157,55.6
794,3330412,48.4
795,3337136,48.0
796,3331071,51.8
797,3333770,53.0
798,3330396,50.3
799,3330438,56.2
800,3331014,63.6
801,3330818,51.0
802,3330578,64.9
803,3335130,65.7
804,0127316,63.2
805,3335759,69.1
806,3330727,65.5
807,0113191,53.8
808,0140491,*
809,3335973,47.8
810,3330859,71.2
811,3330024,61.0
812,3334406,58.5
813,3336237,69.0
814,3336492,61.9
815,3337656,56.3
816,3331006,35.9
817,0100255,58.5
818,0121673,70.5
819,3330990,66.7
820,3330487,67.7
821,0107920,48.1
822,3332350,55.5
823,3330370,74.2
824,3330636,41.7
825,0105734,78.0
826,3330743,71.7
827,0100420,68.4
828,3330529,64.4
829,0118794,67.1
830,0133306,55.1
831,3330552,57.3
832,0109108,53.4
833,3432572,81.4
834,3430477,71.2
835,0105916,77.9
836,0108753,87.8
837,3430170,72.3
838,3430873,87.2
839,3430618,77.7
840,3430592,78.6
841,0116897,82.5
842,3431533,65.4
843,3433216,87.3
844,0113571,89.0
845,3434792,18.5
846,3433471,57.5
847,0119131,61.3
848,4835302,56.8
849,0137950,28.3
850,0108951,66.7
851,3430865,95.3
852,0102038,82.8
853,0101907,73.8
854,3435419,82.7
855,3434768,74.2
856,3434636,60.9
857,3431012,63.7
858,0101899,76.9
859,0101881,73.3
860,0101972,70.9
861,3430386,47.7
862,3430493,79.0
863,3435930,77.3
864,3438504,53.7
865,3432317,75.5
866,3432051,75.0
867,3432838,59.2
868,3431111,63.3
869,3436714,89.0
870,3430048,49.7
871,0135772,50.0
872,3430378,62.1
873,0102236,78.6
874,3430584,58.2
875,0112425,87.2
876,3433265,58.0
877,0130757,17.6
878,3433794,57.1
879,3436979,57.3
880,0101832,59.7
881,0139584,21.3
882,3434370,44.7
883,3530045,*
884,3530060,72.2
885,3630803,62.1
886,3630290,2.9
887,3630373,76.2
888,3630571,80.5
889,0126243,76.2
890,3632205,58.9
891,3634482,61.5
892,3633906,64.2
893,3631058,81.4
894,3631157,67.2
895,3630225,76.6
896,3637659,23.3
897,3631017,76.9
898,3632502,55.0
899,3630522,83.3
900,3631587,11.1
901,3630035,64.2
902,3632742,66.2
903,3631322,56.8
904,0125500,54.4
905,0108191,75.3
906,3630902,58.1
907,0120758,65.1
908,3630555,57.8
909,3633302,60.2
910,3638616,47.6
911,3630266,30.8
912,3634169,50.0
913,3630779,70.3
914,0118802,73.4
915,3635042,75.3
916,0102830,62.6
917,3630597,57.3
918,3633005,53.1
919,3630530,24.2
920,3635265,49.1
921,3635844,44.0
922,3631082,51.3
923,0136952,54.0
924,3634680,58.3
925,0125450,58.0
926,3631090,100.0
927,3636081,58.1
928,3632221,66.1
929,3630787,65.4
930,3638012,58.8
931,0125419,52.5
932,3638509,63.8
933,3633351,31.8
934,3630076,*
935,3630274,54.2
936,3630233,61.3
937,3630746,64.9
938,3630407,73.3
939,0119115,75.5
940,3630563,60.4
941,0136432,27.5
942,3637584,69.5
943,3630894,62.2
944,3630423,64.0
945,0115998,64.3
946,0134890,24.4
947,3730447,48.3
948,3731478,85.9
949,3735313,53.7
950,3732062,60.7
951,3730058,65.3
952,0127241,75.8
953,0111195,74.0
954,3731023,66.9
955,3732179,61.0
956,3730967,53.8
957,3731692,66.8
958,3731809,64.3
959,0132548,48.9
960,3734761,56.4
961,0128793,*
962,3732732,79.1
963,3731262,72.7
964,3730066,82.6
965,3730702,74.9
966,3732625,75.8
967,3734548,62.8
968,3732336,66.3
969,3733219,43.8
970,0123224,29.9
971,3734878,56.2
972,3731528,93.0
973,3735867,80.5
974,3730819,84.7
975,0118935,92.9
976,3730074,89.2
977,3735974,57.8
978,3732997,62.8
979,0122788,62.7
980,0107094,76.2
981,0107078,67.6
982,0108787,77.0
983,0107482,95.8
984,0106732,85.7
985,3737962,32.5
986,0107177,67.9
987,0118851,58.3
988,3735750,84.0
989,0114462,65.2
990,3733698,76.0
991,3733508,84.4
992,0114025,52.4
993,3730884,90.0
994,3731213,66.5
995,0127647,77.7
996,3734654,66.7
997,3734431,84.1
998,0107086,67.5
999,3732781,86.0
1000,3730181,81.6
1001,3730314,82.6
1002,3730231,28.7
1003,3730173,77.3
1004,3731247,83.3
1005,0118315,86.7
1006,0107219,69.9
1007,0107102,57.4
1008,3737384,30.9
1009,3737418,70.5
1010,3731007,77.1
1011,0106328,86.2
1012,3730033,81.4
1013,0125401,26.6
1014,3730843,85.5
1015,3730124,69.9
1016,3738234,74.0
1017,3730801,66.7
1018,3738226,56.7
1019,0111831,84.8
1020,3731627,83.2
1021,3731304,30.8
1022,3731502,61.3
1023,3731064,65.6
1024,3730405,81.1
1025,3732849,73.6
1026,3733953,72.2
1027,0118430,63.3
1028,3738705,49.1
1029,3730728,68.6
1030,0114264,19.2
1031,3730694,63.2
1032,3731163,50.0
1033,0127423,70.2
1034,3735206,44.0
1035,3739018,38.4
1036,0105726,79.8
1037,3737632,81.3
1038,0139451,25.2
1039,3731114,56.5
1040,0137067,76.3
1041,0114678,78.8
1042,0114694,78.7
1043,0129320,47.6
1044,3830361,*
1045,3830395,8.0
1046,3830288,82.3
1047,3830197,48.7
1048,0119958,86.1
1049,0107300,75.9
1050,3830429,*
1051,3830254,77.9
1052,3834769,71.3
1053,3830064,29.4
1054,3830403,57.0
1055,3830031,31.9
1056,3833241,84.4
1057,0119875,71.1
1058,0102103,62.2
1059,3831765,83.1
1060,0127530,81.0
1061,3830387,88.0
1062,3830205,85.2
1063,3834082,66.7
1064,3830437,78.0
1065,3839081,89.5
1066,3833407,92.5
1067,3932308,66.7
1068,3933801,71.2
1069,3933959,76.0
1070,3934759,65.4
1071,3934783,68.9
1072,3930443,96.4
1073,0101956,87.3
1074,3930237,71.5
1075,0108225,66.3
1076,3932001,63.2
1077,0116376,69.4
1078,0101576,66.8
1079,3935103,54.5
1080,3930310,72.0
1081,0133116,19.3
1082,0136135,36.8
1083,3935756,79.6
1084,3937406,50.4
1085,0123802,79.8
1086,0119743,96.2
1087,0119784,15.2
1088,0115402,54.5
1089,3930427,65.0
1090,0108159,58.7
1091,3932100,50.4
1092,0124248,80.9
1093,3938008,70.6
1094,0119040,74.4
1095,3930302,63.3
1096,0102392,77.1
1097,0128967,83.2
1098,4030755,65.5
1099,4030102,52.3
1100,4030268,68.4
1101,0125328,80.3
1102,4034807,78.2
1103,4036703,85.6
1104,4037008,37.5
1105,4037701,87.9
1106,4030185,52.5
1107,4035754,73.3
1108,0119354,55.2
1109,4032009,90.3
1110,0135269,51.9
1111,4132817,78.8
1112,0127548,93.3
1113,4137790,74.1
1114,4135075,82.1
1115,4137592,38.8
1116,4137535,83.9
1117,4133393,71.8
1118,4135331,82.4
1119,4130472,91.6
1120,0129759,86.1
1121,4134557,92.5
1122,4136370,79.6
1123,4133070,85.3
1124,4130217,87.4
1125,4130738,79.3
1126,4138053,79.9
1127,4130993,86.7
1128,0138420,68.7
1129,0112722,70.1
1130,4133716,79.5
1131,0126722,67.3
1132,4136693,80.8
1133,4137279,77.8
1134,4132551,82.6
1135,4230587,81.8
1136,4230454,79.2
1137,4233060,67.6
1138,4234613,74.0
1139,0102285,71.2
1140,4236030,69.1
1141,4236345,78.5
1142,4231205,40.0
1143,4231726,86.8
1144,4235727,79.6
1145,4235230,82.7
1146,0120402,55.9
1147,4330254,65.2
1148,0123794,81.7
1149,0135087,21.2
1150,4330239,90.3
1151,4330866,82.6
1152,4338505,83.7
1153,4331955,73.3
1154,4336137,82.8
1155,4337903,85.8
1156,0107151,40.6
1157,4332995,76.2
1158,0132274,69.1
1159,4330668,77.9
1160,0131995,50.7
1161,4333639,73.3
1162,4330015,76.7
1163,4335907,89.6
1164,0125617,75.3
1165,4334900,66.8
1166,0130856,67.9
1167,4335204,77.2
1168,4330023,81.0
1169,0116889,92.2
1170,4335428,72.5
1171,4330031,77.4
1172,4330692,92.8
1173,4334462,90.9
1174,4333316,84.2
1175,4332474,78.9
1176,4334421,90.3
1177,4331799,86.3
1178,0118380,79.9
1179,0114496,88.5
1180,4332839,69.1
1181,4334371,89.0
1182,4337762,92.4
1183,4333951,74.6
1184,0102368,81.0
1185,4334116,88.1
1186,4334728,82.9
1187,4332904,87.0
1188,4335782,86.0
1189,4335949,88.6
1190,4333795,81.9
1191,4333522,91.3
1192,4338950,81.5
1193,4330080,76.8
1194,4337200,65.4
1195,4330122,85.3
1196,0135970,89.3
1197,4338802,83.3
1198,4330247,48.4
1199,4331039,41.9
1200,4334470,83.0
1201,0137315,91.2
1202,4430146,13.6
1203,0105858,72.6
1204,4430518,85.3
1205,4430245,54.5
1206,4437901,67.8
1207,4436754,77.4
1208,4432340,80.9
1209,4430187,51.4
1210,4430096,55.2
1211,4437109,79.5
1212,4437406,85.4
1213,4430211,87.7
1214,4530150,*
1215,4530051,31.8
1216,4530028,66.7
1217,4530804,50.0
1218,4530010,*
1219,4530267,50.8
1220,4530200,30.4
1221,4530309,32.6
1222,4537304,73.4
1223,4530044,73.8
1224,4532750,56.7
1225,4531901,56.8
1226,4732707,63.6
1227,4735403,65.5
1228,4738753,39.1
1229,4734901,*
1230,4734356,*
1231,4739207,48.9
1232,4731253,*
1233,4733309,52.5
1234,4830071,*
1235,4831004,74.6
1236,4832259,61.3
1237,4833000,50.2
1238,4830451,54.0
1239,4830170,81.8
1240,4838801,76.1
1241,0141150,*
1242,4830089,58.7
1243,4830113,69.5
1244,4837803,66.1
1245,4830147,60.2
1246,4830196,64.8
1247,0139816,*
1248,4930400,76.2
1249,4930855,67.5
1250,4930012,77.9
1251,4930111,45.5
1252,4935151,79.3
1253,4930160,55.7
1254,4936803,73.1
1255,4934154,69.6
1256,4930244,80.8
1257,4935292,65.7
1258,4937256,68.9
1259,4935482,67.3
1260,4930384,81.3
1261,0123786,76.0
1262,4930228,70.6
1263,0138263,40.9
1264,4932554,74.0
1265,5030168,39.2
1266,0107136,56.3
1267,5030879,67.8
1268,0108076,68.3
1269,5031521,60.0
1270,5030135,50.3
1271,0121129,70.2
1272,5031802,58.1
1273,5031380,58.7
1274,0110593,72.3
1275,5034905,54.2
1276,5030010,67.1
1277,5036256,64.8
1278,5035902,60.8
1279,5032651,64.4
1280,5036850,56.3
1281,5035654,68.0
1282,5030192,40.7
1283,5030259,53.8
1284,5037700,71.3
1285,5030283,71.5
1286,0114207,*
1287,5132758,61.4
1288,5135256,76.0
1289,5137500,62.6
1290,0107722,68.7
1291,5139001,66.6
1292,5231675,16.7
1293,5231709,59.0
1294,0137414,*
1295,5235106,58.3
1296,5237201,59.0
1297,5237151,17.9
1298,0125633,22.6
1299,5337407,55.0
1300,5330022,*
1301,5337456,58.3
1302,5430061,*
1303,0119602,91.2
1304,5430301,33.3
1305,5433230,69.7
1306,0124776,*
1307,5432414,62.8
1308,0136507,41.7
1309,5435466,71.4
1310,0116368,64.8
1311,5435409,64.4
1312,5430145,54.5
1313,0130708,54.8
1314,0107649,*
1315,0120659,75.6
1316,5430046,72.2
1317,0109751,46.3
1318,5432828,67.8
1319,5434527,79.3
1320,5430368,81.5
1321,5430210,66.9
1322,5434113,55.0
1323,5430251,51.4
1324,5432786,57.2
1325,5434931,43.6
1326,0116590,71.2
1327,5431184,69.6
1328,5436282,67.8
1329,5431598,74.9
1330,5536503,69.2
1331,5530043,31.6
1332,5536750,52.0
1333,5530084,35.7
1334,5530076,*
1335,0109900,38.5
1336,5630223,58.3
1337,5632021,73.7
1338,5634076,80.8
1339,5634548,79.3
1340,5630389,68.6
1341,0131698,85.0
1342,0120634,67.2
1343,5631742,76.4
1344,5634761,79.2
1345,5632849,70.7
1346,5631619,82.6
1347,0136804,96.4
1348,0125674,46.7
1349,5636188,83.5
1350,5635008,74.9
1351,5630322,85.3
1352,5637822,79.7
1353,5630793,81.5
1354,5630298,87.3
1355,5630348,88.8
1356,5633748,78.4
1357,5630116,90.6
1358,5637004,82.3
1359,5630132,91.2
1360,5633250,78.1
1361,5630371,91.7
1362,5635776,77.0
1363,0113787,*
1364,5732904,47.5
1365,5735154,66.3
1366,0135939,80.0
1367,5738802,68.4
1368,0101162,69.8
1369,5830047,*
1370,5835202,60.4
1371,5830013,60.1
1372,5838305,60.1
