,SchoolCode,Met UC/CSU Grad Req's (Rate),Dropout (Rate)
66405,0130625,68.8,4.5
66505,0106401,91.3,0.0
66539,0130229,77.1,0.2
66635,0130450,77.6,0.0
66669,0131177,69.9,3.1
66702,0132225,68.2,1.0
66716,0133876,47.1,5.3
66750,0132746,11.4,4.3
66783,0130062,76.4,1.1
66850,0134270,70.0,3.0
66868,0134452,54.3,3.6
66886,0135244,91.6,1.2
66904,0138693,61.6,2.3
66936,0108670,96.2,2.1
66991,0133629,34.1,13.5
67008,0135319,43.8,6.7
67041,0138339,29.5,19.5
67105,0133397,64.9,0.0
67124,0134536,49.4,1.1
67142,0130054,40.4,4.5
67206,0110460,0.0,6.3
67223,0110478,*,*
67259,0134668,52.4,1.2
67291,0100065,100.0,7.1
67324,0108944,91.0,10.7
67341,0110189,57.4,4.6
67357,0111856,100.0,7.6
67407,0115238,100.0,1.0
67424,0115667,68.3,45.4
67475,0119859,16.7,10.2
67508,0125161,34.9,31.3
67525,0125716,69.7,22.8
67540,0126748,94.6,15.9
67573,0130146,3.0,25.5
67590,0130179,14.3,43.8
67690,0135905,66.8,17.5
67708,0136051,79.9,4.0
67725,0137943,71.0,6.1
67742,0149187,82.4,1.9
67819,0130286,85.0,0.0
67835,0136515,93.1,1.4
67884,0137588,48.7,3.6
67939,0111799,28.2,9.3
67955,0114421,100.0,1.3
67974,0130849,47.7,6.4
68010,0137810,34.4,10.4
68054,0132704,82.3,1.0
68125,0130096,83.1,2.1
68157,0130583,80.7,1.4
68189,0138289,94.7,6.9
68212,0330035,*,*
68266,0330753,27.2,0.7
68283,0334755,32.5,1.6
68333,0134213,0.0,32.8
68396,0430827,26.5,5.6
68441,0120394,40.7,0.0
68522,0431502,0.0,28.6
68540,0431676,45.1,5.3
68558,0437558,43.9,4.9
68575,0433201,47.8,0.0
68615,0434803,16.6,7.4
68633,0435602,22.0,7.7
68712,0437350,19.8,3.3
68761,0433953,47.1,3.4
68808,9010745,*,*
68843,0532507,39.7,2.4
68971,0631259,29.4,0.9
68988,0634758,44.4,0.0
69024,0635250,44.1,0.0
69188,0731380,97.8,3.3
69234,0107524,33.3,9.1
69251,0730283,82.3,0.6
69268,0731125,81.6,0.9
69285,0733725,78.9,1.6
69302,0734244,89.9,0.0
69351,0117218,44.7,1.3
69403,0730465,23.9,9.1
69421,0730861,23.3,12.2
69454,0737023,57.4,8.0
69503,0107797,64.1,0.8
69521,0730457,52.0,2.6
69537,0730572,3.9,4.4
69555,0733980,52.4,1.1
69634,0730549,50.0,0.8
69715,0730044,66.6,1.3
69767,0731646,50.1,4.4
69785,0731836,36.1,6.6
69802,0734566,24.5,6.9
69838,0737809,22.2,5.6
69888,0735407,39.2,7.0
69936,0101477,94.3,2.3
69983,0730291,100.0,0.0
70018,0730598,75.8,1.2
70035,0732164,36.5,4.8
70052,0732941,56.6,1.8
70086,0733659,22.6,13.4
70104,0735316,53.2,2.6
70122,0735902,31.6,12.6
70161,0113118,72.6,0.8
70177,0730051,63.6,0.7
70207,0734368,68.4,0.8
70223,0736504,69.9,1.8
70256,0132233,82.5,13.8
70272,0830042,0.0,26.7
70306,0833004,23.0,3.4
70369,0930123,55.1,14.0
70386,0930131,0.0,36.4
70465,0930081,73.7,0.5
70482,0930164,48.3,0.8
70497,0930214,55.6,0.0
70515,0932756,39.4,0.3
70551,0936302,53.6,1.6
70615,0937805,41.9,4.9
70679,0109991,8.7,33.7
70727,0136291,95.7,0.0
70823,0113555,75.3,0.3
70873,1030196,62.2,0.0
70907,1030501,64.7,0.5
70926,1030683,60.4,1.9
70962,1031053,61.4,1.1
71064,1032150,76.2,1.5
71112,0108555,98.1,1.9
71144,0114553,98.3,0.0
71176,0132134,73.2,0.0
71225,1030279,56.7,2.4
71262,1030295,56.7,0.0
71297,1030642,4.5,15.9
71315,1030675,59.4,3.9
71329,1030717,*,*
71383,1031897,69.7,4.1
71401,1032507,48.3,6.9
71419,1032911,43.5,6.4
71438,1034214,57.8,4.6
71457,1035831,56.4,5.7
71473,6112619,*,*
71491,0124727,0.0,6.9
71509,1033695,45.3,0.0
71542,0108092,87.4,0.7
71576,0126292,100.0,0.0
71630,1035310,62.4,0.3
71646,0140434,*,*
71662,1033950,28.1,0.0
71696,0126870,0.0,2.2
71714,1034990,34.9,2.7
71733,0136499,3.4,26.7
71751,0141291,75.3,1.1
71812,1036094,60.2,1.7
71880,1036672,40.8,1.0
71932,0136523,13.4,25.0
71949,1030121,41.4,0.0
72030,0140509,58.9,2.4
72065,1030626,33.6,3.5
72084,1030790,36.5,0.8
72103,1035112,0.0,16.7
72136,1033422,0.0,17.2
72153,1033430,54.1,0.9
72197,1030493,45.3,3.7
72228,1037456,42.4,1.0
72259,1036938,55.0,0.0
72322,1035575,47.8,0.8
72340,1030535,56.3,1.2
72374,0122473,0.0,33.3
72424,1038306,47.2,4.1
72504,1136209,23.1,7.1
72519,1132109,*,*
72552,1132851,47.0,3.5
72585,1135656,25.5,2.1
72616,1133701,41.4,3.3
72665,0106203,*,*
72784,0107110,30.4,0.0
72852,1230705,55.6,0.8
72869,1235209,55.0,0.9
72885,0108688,76.7,6.5
72919,1233402,41.7,3.4
72951,1234004,24.5,0.0
73007,1237007,40.0,8.2
73023,1232909,25.9,0.0
73035,1230085,*,*
73084,1232206,29.8,2.3
73137,1330117,*,*
73198,1331404,47.0,0.8
73217,1332154,1.1,8.4
73235,1332204,32.9,4.9
73253,1332501,50.7,6.3
73298,1330133,50.0,1.8
73316,1333004,45.2,1.3
73364,1335306,86.2,0.8
73424,1335900,43.9,0.6
73459,1337609,24.4,10.4
73477,0117994,0.0,53.7
73495,0128447,1.9,31.3
73512,0128454,97.6,31.3
73538,1431352,*,*
73562,1434901,8.0,16.7
73577,1436203,*,*
73591,0119081,*,*
73637,1431600,42.1,0.0
73758,0100529,67.8,2.5
73776,0116384,63.9,0.6
73811,1531672,77.7,1.2
73860,0100198,46.7,5.3
73878,0110999,59.9,0.8
73896,0116392,39.7,5.1
73914,0116400,40.8,9.5
73951,0141101,34.9,10.3
74023,1530252,39.9,9.1
74041,1530344,57.6,3.1
74060,1530369,49.7,2.4
74078,1530385,52.9,7.8
74116,1530476,53.2,1.6
74134,1530708,30.7,15.8
74152,1532290,39.5,11.2
74170,1532605,34.3,9.5
74189,1533330,49.2,7.7
74206,1533538,15.3,11.8
74224,1534775,32.4,13.3
74243,1535087,39.3,2.8
74261,1535392,39.8,7.3
74297,1536606,38.9,15.6
74315,0127209,0.0,18.9
74386,1533843,0.0,19.0
74403,0114512,31.3,16.2
74518,1534957,18.6,4.2
74554,1535905,27.5,9.0
74589,1536135,30.9,5.0
74624,1536440,35.1,4.0
74659,1531367,19.8,9.2
74676,1530146,0.0,44.4
74712,1534155,51.8,0.9
74729,1530401,6.6,3.0
74841,1632207,39.6,4.0
74860,0118919,55.1,0.8
74878,0137901,6.3,3.6
74893,1630151,*,*
74912,1630169,42.7,0.0
74948,1634401,34.6,0.3
74967,0136556,4.7,24.6
74984,0110205,100.0,0.0
75002,0136234,51.1,2.2
75039,1635606,42.5,2.9
75089,1630953,43.5,3.2
75153,1734359,14.3,8.0
75221,1735000,24.0,7.8
75276,1732304,21.5,1.5
75328,1736008,29.8,3.4
75360,1737006,37.1,5.4
75418,1833805,16.8,5.5
75467,1838507,0.0,53.8
75497,1833409,*,*
75646,0121939,0.0,0.0
75678,0134346,34.4,5.4
75712,0136119,80.9,2.8
75746,0138669,17.9,10.8
75762,0140681,97.1,3.7
75778,1933399,83.7,3.9
75795,1995869,96.6,4.1
75878,1930056,71.4,0.5
75896,1930361,42.0,3.8
75914,1931641,0.0,9.3
75949,1933159,65.8,0.5
75965,1995596,*,*
75996,0100081,39.6,7.9
76014,0108407,36.6,8.1
76029,0111872,96.1,0.0
76062,1930213,26.1,14.2
76079,1931732,72.7,63.0
76097,1936624,34.6,18.8
76115,1937051,42.2,6.3
76133,1995398,42.7,8.2
76151,1995406,25.2,8.1
76169,1995844,34.9,10.8
76183,1995968,*,*
76201,1996537,9.1,18.5
76249,1930288,65.1,0.3
76295,1930528,47.1,9.2
76367,1930601,30.7,3.5
76402,1938166,45.9,1.0
76420,1996479,66.0,38.5
76436,1930700,38.1,0.6
76574,1930981,68.9,2.2
76633,1931088,65.8,0.7
76666,1937739,60.8,0.9
76695,0131573,20.4,1.8
76713,1931187,53.6,0.7
76730,1931237,57.2,0.4
76761,1995877,0.0,8.3
76792,0118521,0.0,7.5
76809,0128488,87.5,97.8
76825,0128496,78.6,96.4
76859,1933951,51.1,9.3
76876,1934926,60.3,5.0
76893,1935048,53.6,5.9
76910,1930312,0.0,25.8
76928,1931666,55.0,0.3
77001,1931823,67.0,0.2
77066,1932086,76.4,1.2
77083,1936418,73.1,2.5
77100,1938372,67.8,1.3
77133,1932201,69.6,2.0
77224,1932441,66.3,0.9
77242,1939164,68.8,2.0
77289,0134858,86.0,0.0
77325,1932482,37.6,1.0
77378,1930320,40.1,1.2
77397,1932664,35.9,4.5
77415,1932680,48.5,3.0
77434,1937481,54.5,2.3
77471,1995661,54.5,1.9
77488,1996123,*,*
77550,1932706,57.7,2.8
77566,1930353,6.7,0.0
77582,1932763,82.7,0.0
77615,1932144,71.4,0.6
77649,1933530,40.0,2.4
77666,1934082,36.8,1.3
77700,1996131,94.9,0.0
77733,1933597,66.4,0.6
77751,1939677,3.8,6.9
77785,0100354,81.5,0.0
77817,1934231,41.2,7.2
77864,1996529,94.5,5.2
77882,1996586,92.8,0.0
77956,1930080,66.2,2.9
77973,1931781,68.6,1.4
77989,1996438,94.9,1.0
78006,0100602,82.5,0.7
78022,1996313,83.9,0.7
78072,0127381,82.9,3.9
78089,0131938,0.0,66.7
78106,0132324,88.9,1.6
78123,0135525,41.8,1.8
78157,1934470,40.2,10.9
78175,1934678,48.2,5.3
78194,1935758,75.5,4.0
78212,1936947,55.8,8.4
78247,1939875,60.3,12.5
78264,1995539,100.0,1.2
78301,1995935,51.0,11.8
78317,1996503,69.9,2.4
78350,0100677,100.0,3.8
78366,0100750,98.3,0.0
78383,0100800,67.8,2.9
78399,0101196,100.0,4.7
78432,0101659,100.0,0.0
78448,0101675,76.3,2.9
78499,0102434,62.5,5.2
78547,0102913,98.7,0.0
78561,0102921,100.0,0.0
78592,0106831,57.3,5.5
78610,0106849,95.7,0.7
78644,0106997,92.1,0.0
78661,0107003,59.5,1.4
78695,0107755,41.3,2.3
78713,0108878,75.8,5.3
78729,0108894,97.9,0.7
78762,0108936,100.0,0.7
78780,0109447,63.8,7.7
78798,0109454,62.7,4.4
78816,0109462,58.6,9.7
78834,0109512,26.3,25.9
78867,0110668,5.9,25.8
78883,0111484,100.0,12.0
78900,0111492,95.2,0.7
78916,0111500,97.5,5.5
78933,0111575,77.4,2.8
78949,0111583,97.0,3.6
78966,0111625,79.0,1.6
79000,0111658,96.7,0.8
79017,0112029,72.4,21.1
79034,0112037,74.8,10.9
79051,0112045,71.8,3.6
79069,0112052,72.2,9.0
79085,0112508,96.5,2.4
79102,0112870,51.4,30.2
79120,0114850,69.7,14.2
79137,0115253,97.7,0.0
79154,0116509,98.0,7.1
79186,0117051,91.0,4.4
79203,0117069,46.3,24.8
79221,0117598,98.0,7.3
79237,0117606,92.0,2.2
79271,0117721,70.6,13.5
79288,0117747,77.3,8.5
79305,0117762,89.1,5.9
79322,0117911,100.0,3.4
79339,0118588,46.3,12.7
79390,0119727,73.1,3.5
79407,0119966,60.9,10.0
79440,0120360,80.4,1.9
79457,0120808,36.4,31.8
79490,0121285,97.4,2.5
79524,0122333,82.9,0.0
79540,0122341,63.9,3.3
79558,0122358,43.9,4.6
79574,0122366,68.3,6.5
79591,0122374,65.4,8.1
79607,0122382,56.7,9.1
79633,0122606,89.9,1.8
79665,0123133,94.2,2.8
79681,0123141,98.2,1.8
79698,0124362,77.9,1.0
79715,0124370,87.5,0.0
79732,0124388,95.4,2.2
79749,0124396,86.1,7.3
79766,0124404,96.5,3.4
79800,0124479,64.6,21.5
79818,0124487,73.1,4.4
79835,0124495,93.8,4.0
79853,0124503,85.4,7.6
79870,0124511,74.6,11.6
79921,0124891,89.3,3.9
79936,0124933,94.2,3.5
79952,0124941,100.0,1.8
79968,0125864,100.0,1.7
79985,0125989,99.3,0.7
80002,0126136,99.2,0.0
80020,0126482,63.7,22.1
80037,0126516,85.6,1.2
80055,0126524,79.6,3.9
80072,0126532,62.8,7.1
80090,0126540,55.6,3.2
80107,0126557,56.6,6.6
80124,0126573,58.6,11.3
80141,0126615,69.6,0.0
80157,0126623,60.4,1.0
80173,0127787,55.0,1.2
80190,0127795,72.4,32.5
80207,0127803,100.0,0.0
80224,0127894,100.0,0.0
80241,0127910,100.0,5.7
80258,0129536,70.0,7.1
80275,0129585,71.0,6.1
80293,0129627,100.0,7.1
80309,0130997,88.1,0.0
80325,0131821,97.8,8.2
80341,0132027,99.1,2.6
80373,0132126,78.2,3.5
80390,0132282,100.0,4.4
80482,0133868,98.1,4.4
80498,0135632,87.3,0.0
80531,0135715,100.0,0.0
80547,0135723,99.2,0.8
80597,0137083,75.8,2.9
80613,0137091,79.2,0.0
80631,0137562,60.0,15.0
80646,0137612,88.2,1.4
80680,0140129,98.8,4.4
80795,0141630,*,*
80829,1930296,12.3,10.5
80847,1930387,15.2,45.0
80864,1930403,25.0,40.0
80879,1930429,0.0,41.7
80896,1930486,21.7,26.2
80913,1930551,8.3,63.2
80929,1930577,0.0,15.9
80945,1930619,50.0,75.0
80962,1930650,67.5,4.3
80976,1930692,12.5,41.2
80994,1930734,38.5,14.8
81027,1930791,34.6,8.6
81045,1930866,60.1,4.0
81062,1930924,82.2,45.1
81078,1930940,33.3,22.2
81096,1930973,2.9,18.8
81114,1931047,95.1,2.2
81131,1931336,3.7,5.3
81163,1931385,14.9,12.5
81180,1931393,29.2,15.8
81196,1931435,10.0,18.4
81212,1931450,25.0,14.3
81246,1931476,61.3,5.3
81264,1931484,22.0,3.9
81280,1931500,40.9,5.1
81297,1931518,17.6,13.6
81315,1931526,68.4,3.3
81332,1931534,9.5,27.4
81349,1931559,14.7,6.3
81380,1931682,26.1,13.3
81397,1931690,30.4,19.1
81415,1931708,61.7,3.3
81447,1931856,7.4,12.5
81464,1931864,69.7,7.2
81480,1931930,0.0,9.7
81497,1931955,14.3,48.3
81515,1931971,3.1,23.3
81531,1931989,6.7,8.8
81549,1931997,11.1,28.8
81566,1932128,53.0,13.9
81582,1932250,33.3,15.4
81615,1932334,30.2,31.0
81632,1932342,19.6,8.3
81650,1932383,61.3,14.7
81685,1932623,51.3,2.1
81702,1932821,19.0,23.3
81735,1932888,87.6,2.3
81753,1932920,53.1,6.7
81770,1932987,79.7,7.7
81787,1933001,85.7,0.0
81822,1933118,66.5,15.1
81855,1933241,72.7,3.4
81873,1933381,76.4,0.6
81908,1933795,73.7,6.9
81927,1933852,62.2,4.4
81945,1934033,68.9,4.7
81963,1934157,72.0,7.4
81981,1934371,66.7,12.2
81998,1934454,57.8,11.3
82015,1935121,70.3,4.2
82032,1935352,61.0,6.9
82049,1935519,67.6,17.6
82066,1935568,70.6,2.8
82100,1935865,64.5,13.4
82117,1936160,82.3,1.3
82135,1936350,73.2,3.1
82150,1937085,*,*
82186,1937424,67.3,4.8
82204,1937622,59.7,3.4
82221,1937838,74.6,1.9
82239,1938307,59.3,7.4
82257,1938554,59.6,6.3
82274,1938612,79.2,1.8
82291,1938885,63.1,4.0
82309,1938968,62.7,5.8
82327,1939040,77.0,2.2
82344,1939107,71.3,3.7
82362,1939305,69.5,18.1
82380,1939479,77.2,0.6
82414,1939859,75.2,2.0
82431,1939941,65.6,2.1
82449,1995448,81.0,0.5
82466,1995794,35.3,17.9
82483,1995836,99.7,3.3
82501,1996073,31.6,38.2
82805,0109538,53.5,7.5
82841,1935436,52.2,7.7
82875,1935923,53.6,1.3
82920,0124552,68.3,1.2
82938,1930155,37.1,3.1
82955,1930825,21.9,5.0
82973,1935998,30.5,7.7
83022,1933647,57.4,4.5
83040,1934728,57.4,1.1
83058,1936467,55.8,1.8
83132,0140889,64.1,4.6
83206,1995588,87.9,0.5
83222,1996552,86.8,0.3
83251,0136705,72.5,0.0
83269,1936749,48.6,5.9
83428,1936103,54.7,1.9
83463,1936822,56.2,4.6
83514,1933175,40.9,2.6
83532,1933324,46.3,4.3
83566,1937028,34.9,5.1
83583,1995901,53.3,1.1
83599,1996495,40.4,1.1
83659,1937754,85.7,1.0
83687,1933373,20.0,13.0
83705,1938000,64.7,1.0
83721,1995737,48.4,6.2
83753,1938455,78.6,2.3
83782,1938679,75.4,2.6
83878,1936277,60.2,0.2
83912,1938356,75.1,0.0
83929,1938752,72.0,0.4
83946,1939602,71.9,0.4
83994,0122432,48.8,2.3
84011,0137042,80.8,1.3
84047,1939537,46.5,0.7
84099,1931302,66.0,1.4
84115,1934868,65.4,1.1
84132,1936889,75.6,1.6
84149,1937903,63.1,1.0
84166,1939701,57.9,1.3
84183,1995653,16.6,7.3
84214,0102459,19.9,2.9
84230,0102475,74.4,0.7
84299,1931492,31.6,1.4
84316,1931740,27.7,1.8
84350,1933902,53.3,1.9
84384,1995802,27.2,5.4
84417,1996321,95.8,2.0
84477,0132969,100.0,0.0
84511,1931567,75.5,3.1
84528,1931963,64.9,3.2
84545,1932326,96.1,1.9
84563,1995695,30.9,20.8
84589,1996057,42.9,21.7
84637,1934801,45.4,0.5
84656,1935246,50.3,2.9
84691,1939834,68.2,0.6
84708,1939925,39.0,0.6
84723,1996560,*,*
84789,1936228,39.7,5.3
84807,1937564,51.9,4.5
84840,1932862,68.4,0.9
84875,1939149,71.7,0.9
84908,1995810,59.5,3.5
84974,0127100,17.1,23.9
85041,0134619,8.3,42.9
85162,1995786,65.5,3.3
85202,1935808,84.3,1.3
85255,1937143,79.7,0.8
85320,1930163,66.3,1.9
85338,1934553,65.4,1.5
85355,1937697,64.7,0.9
85372,0119016,99.2,0.0
85389,0119636,93.8,0.0
85421,0131128,96.9,0.0
85524,2032357,35.9,2.1
85556,0110965,45.3,2.9
85571,0118950,38.5,0.0
85624,0139691,61.2,2.2
85662,2035707,46.7,5.2
85678,0111443,0.0,18.2
85736,2030203,58.3,1.8
85750,0100180,*,*
85779,0117010,47.1,0.0
85796,0125021,57.8,0.0
85843,2030013,48.8,1.6
85873,2030070,*,*
85890,2030104,7.1,16.7
85904,2030237,58.8,5.6
86019,2132272,55.5,4.3
86036,2133056,67.5,1.3
86085,2133262,54.7,16.3
86103,2134005,68.9,6.1
86146,2130078,70.3,2.9
86162,2131340,78.4,2.4
86178,2132587,88.8,1.2
86195,2133692,87.0,1.0
86229,2134310,40.7,3.6
86245,2230100,*,*
86306,2230076,*,*
86333,2235356,41.6,2.5
86447,2331361,39.8,4.7
86463,2333185,63.0,2.1
86494,2333649,18.8,0.0
86510,2330033,0.0,73.3
86528,2334563,6.1,0.0
86614,2335024,42.3,2.6
86647,0136887,23.1,20.4
86682,2335487,45.1,11.3
86697,2330041,61.1,5.3
86729,2332260,15.8,0.0
86743,2330207,*,*
86759,2332724,*,*
86846,2430163,0.0,15.7
86930,2432409,45.0,0.6
86963,2433001,42.7,1.7
87011,0120923,47.8,0.9
87047,2434207,39.5,0.8
87074,0127373,43.6,1.8
87092,2430049,3.5,10.9
87111,2430098,35.8,4.5
87130,2430205,38.0,3.1
87148,2430601,31.8,3.3
87166,2433605,36.1,2.0
87185,2435204,24.1,6.0
87237,2431807,60.2,0.8
87255,2430015,0.0,14.3
87273,2431203,34.6,0.6
87291,2430114,47.1,0.0
87322,2530020,*,*
87347,2535409,24.4,0.0
87381,0124990,*,*
87397,2633006,72.7,8.3
87413,2635001,50.0,9.1
87430,2630010,52.3,2.2
87478,2730117,0.0,4.8
87513,2730265,0.0,21.2
87571,2730414,72.9,1.5
87611,0141010,0.0,20.0
87646,2730174,35.7,3.6
87663,2732170,31.4,4.3
87695,0111435,77.2,1.3
87757,2732808,88.1,1.5
87774,2735348,62.6,1.0
87806,2733657,41.2,3.8
87855,0136697,63.8,4.6
87873,2730109,50.1,5.5
87891,2730166,56.6,4.9
87924,2733178,46.6,2.6
87959,2734556,56.7,3.0
87978,2730034,45.3,3.2
88077,2730190,37.5,2.0
88095,2730885,43.9,2.4
88111,2830073,*,*
88205,0121087,54.5,1.6
88224,2830016,49.2,0.5
88242,2830115,41.3,1.3
88279,2835601,34.2,4.4
88296,2837102,60.2,4.0
88312,0114314,5.6,20.8
88407,0112367,97.2,2.7
88422,0124834,87.2,0.0
88439,2930030,13.6,0.0
88456,2930048,10.6,5.3
88489,2935500,27.1,5.8
88580,0133983,99.1,0.0
88615,0134841,11.1,21.4
88665,0141978,53.4,7.9
88801,3030038,75.6,1.8
88818,3030228,75.1,3.0
88890,3033057,59.7,2.7
88907,3033115,63.3,0.0
88924,3033784,45.5,0.3
88941,3034204,60.0,4.1
88958,3036712,40.6,2.4
88975,3038239,55.6,1.2
89024,3030640,61.3,4.2
89091,0124131,55.9,4.2
89123,3030210,62.0,2.5
89276,3030335,42.9,6.3
89295,3030855,42.1,1.9
89314,3032505,44.1,4.5
89332,3033362,58.7,1.7
89367,3037090,60.1,1.5
89384,3037348,74.7,0.8
89402,3037496,78.6,1.1
89451,3030434,66.9,7.2
89468,3032752,68.2,5.7
89485,3033578,77.6,3.7
89501,3033933,60.6,7.1
89519,3035581,69.8,3.2
89537,3035706,58.9,5.1
89555,3036555,56.3,7.8
89617,3030145,46.4,2.7
89634,3030368,21.3,1.2
89651,3031895,65.9,0.2
89669,3032158,68.9,0.6
89687,3032943,69.5,1.4
89705,3034410,54.8,2.4
89722,3038445,51.6,1.9
89770,3033206,86.6,0.5
89799,0111666,82.4,0.0
89885,3034907,0.0,5.2
89902,3035045,60.5,1.9
89986,3030046,74.1,0.8
90003,3031952,51.2,0.9
90020,3035409,43.0,0.7
90055,3038098,54.5,0.4
90098,0119404,72.2,1.5
90115,3030053,55.5,1.1
90149,3031929,62.8,1.4
90183,3038023,58.1,2.0
90247,0106567,86.8,2.9
90266,0108365,64.2,0.7
90284,0114736,68.1,0.7
90338,3030491,39.6,8.5
90353,3030608,97.9,0.0
90407,3036357,43.1,4.2
90424,3036456,36.1,5.0
90473,3030061,52.4,2.5
90490,3030079,1.0,15.7
90508,3030244,58.3,1.2
90526,3030392,57.8,0.8
90559,3034956,60.5,0.5
90617,0102871,73.7,0.6
90668,3032109,78.1,0.4
90702,3037553,52.9,1.8
90760,0133405,77.3,2.2
90776,3030129,0.0,5.7
90794,3030152,72.5,3.1
90812,3030285,71.9,3.1
90846,3030657,65.4,1.1
90864,3035102,69.2,1.4
90894,3033917,82.0,2.4
90941,3130101,*,*
90986,0102293,85.4,2.4
91003,0138081,8.6,10.1
91039,3131851,79.6,0.0
91057,3132453,76.7,0.5
91075,3135704,66.9,3.2
91105,0116459,68.9,2.1
91138,0139840,69.0,3.9
91155,3130119,22.2,8.2
91172,3130176,65.8,2.8
91189,3130184,66.0,2.3
91224,3135308,70.5,7.5
91243,3136504,67.3,7.6
91260,3130010,66.1,0.0
91308,3138500,62.0,1.5
91366,0140541,66.4,2.8
91417,3134657,58.1,3.6
91434,0108084,73.3,0.9
91467,3130150,76.7,0.4
91517,0100057,*,*
91630,0125237,9.1,26.7
91649,0128397,0.0,49.6
91667,0128777,0.0,62.3
91841,0125732,63.9,1.0
91875,3330008,53.5,3.4
91893,3334299,39.4,2.6
92053,3330479,47.2,1.3
92138,0110627,71.7,0.3
92155,0110759,90.5,0.0
92190,3330446,56.5,1.2
92224,3330701,70.4,1.4
92241,3331600,43.5,2.0
92258,3334232,48.9,2.3
92293,0118885,72.3,1.5
92310,3330388,80.2,0.2
92328,3330669,73.6,0.7
92382,3333192,54.2,5.6
92446,0113159,71.8,1.7
92516,3330537,64.8,2.5
92534,3332673,55.5,1.5
92565,0114157,61.4,2.9
92582,3330412,57.3,3.3
92616,3337136,42.6,4.3
92701,3330396,54.7,2.3
92718,3330438,55.2,1.2
92752,3331071,42.8,3.1
92786,3333770,49.5,4.9
92802,3331014,59.4,0.0
92828,0127316,64.7,1.0
92863,3330578,65.5,1.5
92881,3330818,53.4,6.3
92917,3335130,59.3,2.8
92970,3335759,28.9,4.9
93020,0113191,52.4,6.1
93055,0140491,63.1,1.8
93089,3330727,66.7,1.5
93106,3335973,46.4,6.9
93170,3330024,54.1,2.5
93235,3330859,69.6,1.4
93253,3334406,50.5,3.0
93271,3336237,61.7,2.0
93289,3336492,60.4,1.7
93368,3331006,30.0,9.1
93404,3337656,61.3,3.1
93437,0100255,45.5,3.4
93455,0121673,88.5,10.3
93509,3330990,52.6,2.9
93542,0107920,37.4,3.4
93593,3330487,53.7,1.9
93611,3332350,33.8,0.5
93641,0105734,85.5,0.3
93657,3330370,75.3,0.6
93690,3330636,31.1,0.0
93707,3330743,72.9,0.3
93753,0100420,63.4,0.4
93786,0118794,62.3,0.0
93820,3330529,64.9,0.6
93852,0109108,66.8,2.2
93887,0133306,71.9,1.6
93904,3330552,63.5,2.1
94083,0105916,68.1,3.0
94101,0108753,61.8,1.7
94118,0116897,66.3,2.4
94153,3430170,56.2,4.3
94224,3430477,43.1,7.6
94242,3430592,65.2,1.8
94260,3430618,51.2,2.2
94277,3430873,74.2,1.5
94311,3432572,50.1,8.9
94376,0113571,79.3,0.2
94456,3431533,24.2,6.4
94473,3433216,69.5,0.1
94490,3434792,0.0,40.5
94521,0119131,36.6,3.3
94556,3433471,42.7,2.0
94630,4835302,45.3,5.4
94682,0137950,0.0,33.1
94725,0101881,45.2,3.0
94743,0101899,23.9,0.0
94759,0101907,28.2,4.5
94776,0101972,50.6,9.7
94792,0102038,100.0,10.2
94807,0108951,69.2,0.0
94894,3430865,99.1,0.0
94912,3431012,49.9,6.2
94931,3434636,41.8,13.4
94949,3434768,45.8,5.1
94967,3435419,55.3,2.9
95029,0135772,16.0,9.7
95047,3430048,40.0,7.3
95082,3430386,12.7,6.5
95116,3430493,47.3,6.3
95187,3431111,62.9,1.2
95204,3432051,33.1,4.1
95221,3432317,52.5,1.1
95238,3432838,23.0,17.5
95256,3435930,49.9,9.2
95273,3436714,56.2,2.2
95291,3438504,31.5,15.2
95339,3430378,34.4,2.2
95385,0102236,63.7,1.6
95415,0112425,100.0,0.0
95448,3430584,46.7,2.0
95515,0101832,53.2,7.0
95599,0130757,1.5,97.2
95615,0139584,2.2,89.1
95686,3433265,54.9,4.2
95704,3433794,50.3,5.5
95723,3434370,54.7,5.1
95742,3436979,72.3,2.2
95765,3530045,*,*
95827,3530060,50.0,4.7
95878,0140012,47.0,6.5
96003,3630803,23.7,4.4
96019,3630290,0.0,8.3
96068,0126243,75.9,3.2
96086,3630225,73.5,3.9
96104,3630373,72.3,5.5
96122,3630571,75.8,4.8
96135,3630845,*,*
96153,3631058,77.8,2.6
96171,3631157,64.8,10.1
96190,3632205,53.1,12.3
96208,3633906,63.8,6.1
96225,3634482,61.6,5.3
96242,3637659,0.0,24.3
96274,3630035,50.5,0.3
96291,3630522,81.2,0.2
96309,3631017,66.6,0.5
96325,3631587,0.0,41.7
96359,3632502,50.6,2.8
96389,0125500,43.5,3.8
96423,3631322,41.8,3.4
96440,3632742,33.0,4.2
96502,0108191,65.3,1.1
96521,0120758,77.2,1.2
96573,3630555,56.7,1.5
96591,3630902,65.5,0.7
96608,3633302,78.4,3.3
96760,3638616,27.6,12.0
96789,3630266,*,*
96805,3634169,2.4,0.0
96980,0118802,56.8,1.8
97013,3630779,48.8,1.6
97066,3635042,62.0,2.6
97101,0102830,59.9,1.9
97135,3630530,2.3,8.5
97153,3630597,64.4,4.3
97171,3633005,60.1,2.0
97221,3635265,45.9,5.0
97317,0125450,54.4,4.5
97334,0136952,54.9,8.8
97414,3631082,55.2,1.9
97430,3631090,100.0,0.0
97447,3632221,55.1,1.0
97481,3634680,73.6,2.0
97498,3635844,47.1,4.4
97516,3636081,45.4,1.3
97581,0125419,42.8,5.7
97685,3630787,50.6,6.4
97704,3638012,47.6,9.1
97754,3633351,0.0,28.8
97772,3638509,38.4,1.5
97788,3630076,*,*
97805,3630274,52.1,0.0
97868,3630233,29.7,7.5
98011,0119115,57.3,2.7
98028,3630407,72.4,1.1
98062,3630746,73.0,2.5
98126,0136432,1.7,26.4
98211,3630563,31.5,2.6
98278,3637584,56.8,2.0
98312,3630423,50.2,0.7
98330,3630894,36.2,5.7
98379,0115998,*,*
98548,0134890,6.9,23.9
98563,3730447,32.0,7.4
98659,3731478,80.2,0.4
98743,0111195,59.9,0.3
98761,0127241,90.4,2.2
98795,3730058,56.9,5.3
98812,3731023,72.1,0.0
98846,3732062,43.3,8.4
98864,3735313,53.8,5.6
98881,3730967,48.3,3.3
98898,3732179,59.7,10.0
98947,0128793,0.0,75.0
98980,0132548,38.7,36.0
99013,3730066,50.7,10.7
99029,3730702,61.2,4.1
99046,3731262,64.9,0.4
99060,3731486,*,*
99093,3731692,35.8,22.7
99110,3731809,50.7,7.6
99128,3732336,56.0,10.9
99161,3732625,55.2,16.0
99179,3732732,95.6,0.2
99196,3734548,44.7,12.4
99213,3734761,48.2,16.4
99346,3733219,45.0,0.0
99381,0123224,24.5,5.8
99494,3734878,52.1,2.7
99525,0118935,88.7,0.2
99557,3730074,75.4,0.5
99574,3730819,74.5,0.6
99591,3731528,83.4,0.0
99624,3735867,64.9,0.9
99688,3735974,49.8,1.3
99721,0106732,96.3,0.0
99754,0107078,73.1,0.0
99770,0107086,61.9,0.0
99787,0107094,71.9,0.0
99803,0107102,74.6,0.0
99821,0107177,63.4,6.5
99838,0107219,52.2,6.9
99853,0107482,57.9,0.0
99869,0108787,98.9,2.0
99887,0114025,65.4,2.5
99903,0114462,91.9,1.9
99919,0118315,100.0,0.0
99935,0118851,65.5,3.2
99977,0122788,92.6,0.0
100022,0127647,98.6,0.0
100086,3730173,81.8,1.6
100103,3730181,73.6,1.7
100122,3730231,26.4,7.5
100139,3730314,68.8,0.3
100203,3730884,90.1,0.0
100288,3731213,67.8,1.5
100303,3731247,95.1,1.0
100337,3732781,84.5,1.0
100355,3732997,58.4,5.8
100371,3733508,85.5,0.7
100390,3733698,70.1,1.0
100407,3734431,68.0,1.1
100423,3734654,53.3,1.1
100440,3735750,78.7,2.0
100458,3737962,29.6,6.3
100531,0106328,87.8,0.0
100548,3730033,78.1,0.3
100566,3731007,69.7,2.5
100582,3737384,14.3,2.8
100599,3737418,81.3,1.1
100616,0125401,0.0,22.8
100681,0111831,71.5,1.1
100729,3730124,60.2,2.9
100746,3730405,67.4,1.1
100763,3730801,40.0,2.8
100780,3730843,75.8,2.0
100796,3731064,45.6,4.8
100829,3731304,2.4,31.1
100863,3731502,41.3,7.7
100881,3731627,71.5,1.7
100915,3732849,53.7,1.5
100932,3733953,49.4,7.8
100949,3738226,37.8,8.6
100965,3738234,53.6,3.8
101026,0114264,0.0,9.3
101062,0118430,79.6,1.5
101127,3730728,45.6,5.3
101183,3738705,36.5,4.8
101223,0127423,80.2,0.6
101257,3730694,69.8,1.5
101271,3731163,*,*
101373,3735206,46.5,3.5
101391,3739018,51.0,2.2
101440,0105726,70.4,3.1
101508,3737632,73.4,3.2
101591,0139451,1.5,21.9
101640,3731114,35.1,3.8
101701,0114678,99.3,0.0
101717,0114694,98.9,3.3
101733,0137067,98.0,0.0
101763,0129320,63.4,3.3
101813,3830361,*,*
101830,3830395,23.3,43.6
101913,0102103,50.0,9.1
101930,0107300,100.0,4.2
101966,0119875,67.2,40.4
101984,0119958,65.9,10.2
102001,0127530,100.0,5.9
102018,3830031,11.9,16.2
102036,3830064,7.0,39.1
102054,3830197,32.7,6.0
102071,3830205,65.4,15.0
102088,3830254,71.2,5.2
102105,3830288,70.6,4.8
102121,3830387,87.4,2.8
102139,3830403,34.9,31.4
102156,3830429,0.0,30.0
102174,3830437,99.1,0.8
102192,3831765,66.8,10.4
102211,3833241,65.2,5.1
102229,3833407,83.1,2.6
102247,3834082,62.5,14.9
102264,3834769,41.0,22.0
102282,3839081,72.5,7.3
102414,3932308,31.3,1.0
102477,3933801,44.9,1.3
102513,3933959,45.4,0.0
102553,0101956,96.9,3.0
102580,0108225,27.4,7.8
102630,3930237,39.4,4.1
102681,3930443,88.2,0.0
102700,3934759,26.6,2.1
102737,3934783,32.1,3.2
102756,0101576,43.0,4.3
102790,0116376,52.1,2.0
102808,3930310,36.2,4.1
102842,3932001,30.0,5.2
102860,3935103,20.0,2.5
102943,0133116,0.0,23.5
102978,0136135,11.3,1.7
103047,3935756,53.6,1.1
103080,0108159,33.7,4.0
103097,0115402,46.3,0.0
103129,0119743,96.8,0.0
103146,0119784,4.7,24.7
103177,0123802,89.2,0.0
103191,0124248,88.9,0.0
103226,3930427,49.4,0.0
103244,3932100,38.9,4.7
103281,3937406,24.3,4.6
103344,0102392,75.8,1.6
103380,0119040,41.0,3.0
103417,3930302,35.3,5.1
103447,3938008,36.2,5.2
103479,0128967,69.8,0.0
103570,4030102,24.6,1.6
103608,4030755,44.0,3.8
103624,0125328,81.5,1.8
103659,4030268,53.2,0.0
103732,4034807,60.5,2.4
103750,4036703,76.3,0.5
103767,4037008,5.3,9.1
103800,4030185,2.7,2.6
103818,4037701,57.2,0.5
103836,0119354,2.6,11.6
103855,4035754,26.9,5.5
103905,4032009,21.7,0.0
103961,0135269,85.0,14.3
104047,4132817,36.0,3.2
104092,0127548,100.0,0.0
104110,4133393,66.0,3.4
104127,4135075,80.0,0.7
104144,4137535,63.2,1.8
104160,4137592,2.0,7.0
104178,4137790,47.1,4.2
104194,4135331,35.3,5.0
104224,0129759,97.7,3.6
104271,4130217,80.8,1.6
104288,4130472,85.4,2.7
104306,4130738,50.9,3.6
104324,4133070,74.9,5.5
104340,4134557,66.7,1.1
104359,4136370,60.1,6.9
104404,0112722,100.0,5.0
104435,0126722,52.7,11.1
104451,0138420,55.2,1.5
104467,0139915,100.0,10.4
104484,4130993,77.7,1.2
104502,4133716,65.5,7.4
104536,4136693,61.3,14.4
104553,4138053,68.3,5.7
104588,4132551,67.8,1.1
104605,4137279,40.9,4.5
104751,4230587,59.3,2.0
104785,4230454,45.5,1.5
104822,4233060,32.6,3.0
104858,0102285,50.0,5.7
104895,4234613,46.8,2.4
104914,4236030,34.3,8.2
104958,4236345,47.1,1.4
104989,4231205,0.0,0.0
105019,0120402,22.6,12.5
105037,4231726,79.5,3.6
105069,4235230,63.0,4.0
105087,4235727,57.0,3.0
105206,0123794,99.0,2.0
105223,0135087,0.0,22.0
105241,4330254,0.0,38.5
105324,4330239,78.4,0.4
105357,4330866,74.1,2.2
105375,4331955,59.2,5.4
105392,4336137,64.4,1.4
105410,4338505,70.2,1.7
105441,0107151,0.0,91.4
105457,0116889,100.0,0.9
105490,0125617,92.5,11.8
105506,0130856,54.5,3.4
105522,0131995,50.0,9.2
105539,0132274,95.3,10.6
105556,4330015,54.2,3.9
105574,4330023,62.1,2.2
105592,4330031,55.3,7.5
105659,4330668,60.0,0.0
105693,4330692,77.9,1.0
105746,4332995,33.8,9.6
105764,4333639,35.5,9.7
105782,4334900,36.6,6.1
105801,4335204,47.0,7.4
105819,4335428,38.4,7.0
105837,4335907,67.2,2.2
105855,4337903,65.5,3.2
105881,4330569,*,*
105898,4331799,84.4,1.0
105915,4332474,65.6,8.1
105931,4333316,77.2,2.6
105948,4334421,93.2,1.5
105964,4334462,92.4,1.1
105988,0114496,97.1,0.0
106005,0118380,55.4,2.9
106022,4332839,51.5,5.7
106070,4334371,83.8,2.1
106089,4337762,89.3,2.0
106120,0102368,67.2,1.1
106139,4333951,49.2,2.6
106192,4334116,83.5,1.8
106209,4334728,83.2,2.9
106271,4332904,91.4,1.6
106288,4335782,94.1,1.1
106347,4330080,47.6,8.3
106413,4333522,75.1,2.3
106429,4333795,47.9,3.8
106447,4335949,63.6,2.8
106463,4337200,4.9,18.3
106480,4338950,52.4,6.4
106527,0135970,96.6,0.0
106542,0141283,*,*
106561,4330122,54.5,2.5
106578,4330247,12.5,12.1
106613,4338802,52.5,5.0
106645,4331039,2.4,4.1
106663,4334470,59.2,1.0
106679,0137315,100.0,10.5
106712,4430146,0.0,30.8
106794,0105858,45.2,4.5
106879,4430245,52.6,5.0
106897,4430518,62.3,1.7
106932,4437901,41.3,3.9
106994,4436754,62.9,1.8
107025,4430096,16.1,11.4
107043,4430187,0.0,4.3
107074,4432340,55.5,4.5
107108,4437109,79.5,2.6
107126,4437406,63.0,1.5
107159,4430211,81.1,1.3
107209,4530150,*,*
107240,4530028,38.0,1.4
107256,4530051,0.0,0.0
107268,4530192,*,*
107320,4530804,19.8,0.0
107413,4530010,0.0,25.0
107541,4530044,42.7,1.4
107559,4530200,0.0,14.3
107576,4530267,15.7,4.2
107593,4530309,28.9,2.6
107610,4532750,39.1,2.8
107627,4537304,47.1,1.8
107686,4531901,52.9,1.0
107792,4732707,25.0,8.7
107808,4734356,*,*
107823,4734901,*,*
107840,4735403,43.9,9.1
107857,4738753,29.5,8.3
107900,4739207,38.8,2.2
107916,4731253,5.3,0.0
107947,4733309,51.2,0.0
107978,4830071,*,*
108044,4831004,58.5,1.0
108080,4832259,45.7,3.8
108140,4830170,61.8,1.5
108159,4830451,33.7,6.2
108177,4833000,19.9,5.8
108231,4838801,49.2,0.0
108277,0141150,*,*
108296,4830089,48.8,7.1
108312,4830113,64.9,1.0
108331,4837803,60.2,5.5
108360,0139816,8.5,11.6
108376,4830147,38.9,9.3
108393,4830196,80.2,2.9
108554,4930400,56.9,2.4
108588,4930855,38.1,3.4
108754,4930012,51.5,5.1
108787,4930111,0.0,9.1
108823,4935151,54.9,3.4
108918,4930160,19.4,15.6
108937,4930244,59.1,4.0
108956,4934154,48.6,6.5
108975,4935292,28.3,6.4
109013,4936803,42.8,6.3
109062,4937256,55.3,3.4
109108,0123786,97.3,3.8
109140,4930384,82.1,4.9
109159,4935482,36.5,7.2
109186,0138263,*,*
109221,4930228,39.8,2.6
109286,4932554,67.7,0.0
109398,0107136,65.4,0.0
109416,0108076,54.0,2.7
109433,5030168,21.5,1.5
109468,5030879,51.2,3.1
109502,5031521,31.6,0.0
109579,0110593,52.9,0.0
109613,0121129,50.9,0.0
109631,5030010,43.4,2.1
109649,5030135,39.6,3.2
109667,5031380,35.7,1.3
109685,5031802,36.9,0.4
109703,5034905,44.5,2.5
109791,5036256,44.4,0.7
109843,5035902,44.9,0.9
109860,5032651,49.5,1.6
109935,5036850,43.0,1.9
109978,5030192,0.0,8.7
110014,5035654,39.0,1.7
110058,5030259,5.3,1.5
110137,5030283,61.1,1.7
110174,5037700,39.6,3.9
110191,0114207,0.0,12.5
110253,5132758,39.1,5.5
110306,5135256,47.1,0.0
110389,5137500,42.2,0.0
110439,0107722,43.7,12.9
110509,5139001,37.1,9.5
110556,0137414,*,*
110574,5231675,0.0,14.6
110593,5231709,28.4,1.9
110624,5235106,40.0,11.8
110643,5237151,0.0,31.3
110661,5237201,34.8,2.5
110679,0125633,0.0,52.4
110707,5330022,*,*
110723,5337407,50.0,0.0
110757,5337456,26.5,0.0
110772,0119602,81.5,4.4
110804,5430061,0.0,22.9
110890,5430301,93.3,0.0
110991,5433230,42.2,0.5
111008,0124776,*,*
111060,5432414,57.0,1.5
111079,0136507,2.7,16.1
111098,0107649,*,*
111117,0116368,51.3,0.9
111135,0130708,20.6,0.0
111169,5430145,0.0,21.1
111187,5435409,51.5,0.9
111206,5435466,64.8,2.1
111225,0109751,17.1,1.8
111242,0120659,58.5,0.0
111276,5430046,39.1,2.4
111294,5430368,64.9,1.1
111312,5432828,38.0,2.2
111331,5434527,62.8,0.0
111367,5430210,47.0,0.0
111421,0116590,92.0,0.9
111464,5430251,41.1,6.3
111500,5432786,43.1,4.2
111518,5434113,50.4,4.9
111535,5434931,38.0,8.9
111588,5431184,35.2,0.7
111639,5436282,48.7,3.8
111689,5431598,41.4,0.5
111796,5530043,0.0,2.1
111814,5536503,26.3,1.5
111874,5536750,34.0,0.0
111889,5530076,0.0,12.5
111904,5530084,*,*
111923,0109900,2.7,25.7
111989,5630223,0.0,12.5
112066,5632021,53.1,1.2
112142,5634076,75.9,7.2
112186,0120634,27.1,15.8
112204,0125674,16.5,7.8
112220,0131698,66.3,3.1
112237,0136804,6.3,0.0
112287,5630389,41.4,5.3
112305,5631619,50.5,2.3
112323,5631742,41.3,2.9
112341,5632849,35.3,5.9
112359,5634548,40.6,3.2
112377,5634761,30.9,4.3
112441,5630322,67.2,0.4
112475,5635008,52.3,2.6
112492,5636188,48.7,0.7
112557,5630298,67.2,0.0
112575,5630348,70.3,0.4
112593,5630793,39.2,4.3
112612,5637822,36.3,3.0
112685,5630116,76.7,0.2
112703,5633748,62.8,1.7
112722,5637004,55.1,1.6
112738,5630132,86.9,0.3
112811,5630371,65.5,3.3
112829,5633250,50.8,1.8
112863,5635776,49.0,1.4
112895,0113787,0.0,42.9
113065,5732904,21.9,1.5
113092,0135939,100.0,0.0
113110,5735154,48.5,3.6
113224,0101162,45.7,1.6
113242,5738802,39.3,3.3
113293,5830047,*,*
113375,5830013,25.4,5.0
113445,5835202,28.1,5.5
113481,5838305,41.4,2.5
