,School Code,Stability Rate (percent)
0,0130625,72.6
1,0130229,96.7
2,0106401,97.7
3,0130450,97.2
4,0131177,92.9
5,0132225,94.5
6,0133876,54.0
7,0132704,96.5
8,0132746,86.9
9,0130062,95.6
10,0134270,94.6
11,0134452,88.3
12,0135244,96.3
13,0138693,91.2
14,0133629,84.5
15,0108670,94.7
16,0135319,90.3
17,0138339,79.5
18,0133397,94.5
19,0134536,93.5
20,0110478,50.0
21,0110460,60.2
22,0134668,91.2
23,0130054,92.2
24,0111856,93.9
25,0115238,90.8
26,0125161,72.4
27,0125716,86.9
28,0119859,62.8
29,0108944,91.8
30,0126748,85.6
31,0110189,72.5
32,0149187,72.9
33,0135905,89.8
34,0115667,73.9
35,0136051,90.4
36,0100065,92.9
37,0130146,42.1
38,0137943,84.3
39,0130179,49.5
40,0130286,88.2
41,0136515,97.3
42,0130583,97.1
43,0130096,96.3
44,0137588,89.7
45,0130849,95.2
46,0111799,86.7
47,0114421,94.2
48,0137810,85.4
49,0138289,91.0
50,0330035,10.7
51,0330753,86.5
52,0334755,86.1
53,0430827,91.3
54,0134213,13.2
55,0431676,86.9
56,0431502,30.1
57,0120394,86.4
58,0437558,90.4
59,0433201,95.1
60,0433953,93.9
61,0434803,85.4
62,0435602,78.4
63,0437350,80.2
64,0532507,90.7
65,9010745,25.0
66,0631259,87.6
67,0634758,96.6
68,0635250,93.9
69,0107524,63.6
70,0730283,96.9
71,0731125,97.9
72,0733725,96.0
73,0734244,97.8
74,0730861,74.5
75,0730465,76.6
76,0117218,93.0
77,0731380,94.8
78,0737023,89.0
79,0730457,90.3
80,0107797,93.6
81,0730572,53.7
82,0733980,92.3
83,0730549,89.5
84,0731646,91.1
85,0731836,85.2
86,0734566,78.4
87,0730044,94.4
88,0737809,84.5
89,0735407,85.2
90,0730051,97.0
91,0113118,97.9
92,0734368,97.1
93,0736504,96.3
94,0132233,89.9
95,0732164,88.9
96,0732941,92.3
97,0730598,89.6
98,0733659,75.7
99,0101477,91.2
100,0730291,98.3
101,0735316,87.4
102,0735902,83.0
103,0830042,18.8
104,0833004,82.2
105,0930123,74.4
106,0930131,5.3
107,0932756,92.0
108,0930081,96.9
109,0930214,84.8
110,0936302,94.3
111,0930164,90.1
112,0937805,88.7
113,1030535,90.3
114,1030626,82.6
115,1030790,87.9
116,0140509,84.8
117,1035112,30.2
118,1030501,92.0
119,1030683,90.0
120,1031053,88.9
121,0113555,93.6
122,1030196,90.0
123,1030121,90.1
124,1032150,92.3
125,0136291,91.1
126,0109991,50.5
127,1030279,84.6
128,0108555,96.0
129,1031897,85.0
130,1030295,94.0
131,1030717,84.2
132,1032507,76.4
133,6112619,37.8
134,1032911,79.4
135,1034214,79.8
136,0132134,87.9
137,1035831,77.6
138,1030642,58.3
139,1030675,84.7
140,0114553,97.6
141,1037456,91.3
142,1033422,45.3
143,1033430,87.5
144,0108092,87.4
145,1035310,90.2
146,0126292,96.1
147,1033695,93.7
148,0124727,46.7
149,1033950,95.8
150,0140434,60.0
151,1030493,88.8
152,1034990,88.2
153,0126870,24.1
154,0136499,44.3
155,1035575,90.4
156,1036094,89.4
157,0141291,91.5
158,1036672,85.8
159,1036938,76.6
160,0122473,15.3
161,1038306,87.6
162,0136523,47.2
163,1133701,96.2
164,1135656,86.7
165,1136209,77.6
166,1132109,73.1
167,1132851,90.1
168,1232206,89.5
169,1232909,93.9
170,0108688,91.9
171,1233402,83.7
172,0106203,2.0
173,1234004,88.0
174,1230085,40.0
175,1230705,89.3
176,1235209,87.1
177,0107110,91.5
178,1237007,90.3
179,1331404,87.1
180,1332154,29.1
181,1332204,91.1
182,1332501,91.9
183,1333004,89.8
184,1330133,90.6
185,1335306,90.3
186,1330117,5.5
187,1335900,93.8
188,1337609,79.4
189,1431352,93.5
190,0119081,18.5
191,1431600,89.4
192,0128454,41.9
193,0128447,21.9
194,0117994,27.3
195,1434901,87.2
196,1436203,87.5
197,0100529,90.7
198,1531672,91.9
199,0116384,91.0
200,1530401,85.0
201,1530252,88.0
202,1530708,79.6
203,1530369,89.9
204,0141101,84.4
205,1532290,80.7
206,1532605,83.1
207,0110999,92.2
208,0100198,87.7
209,1533330,87.7
210,0116392,84.5
211,1533538,87.9
212,1530476,92.9
213,0116400,83.1
214,1534775,78.1
215,1530385,87.7
216,1535087,86.7
217,1535392,82.4
218,1530344,90.6
219,1536606,80.2
220,0127209,29.8
221,1533843,66.7
222,1534155,91.7
223,1530146,29.5
224,0114512,74.3
225,1531367,86.4
226,1534957,80.0
227,1535905,85.8
228,1536135,85.8
229,1536440,84.0
230,1632207,87.4
231,1630151,12.7
232,1634401,87.2
233,0137901,37.5
234,1630169,89.2
235,0118919,90.1
236,0136556,53.1
237,1635606,86.9
238,0110205,95.3
239,0136234,59.3
240,1630953,86.7
241,1734359,88.7
242,1735000,81.8
243,1732304,80.5
244,1736008,87.2
245,1737006,83.4
246,1833409,69.1
247,1833805,83.9
248,1838507,75.9
249,1995596,57.1
250,1930361,90.7
251,1930056,95.3
252,1933159,91.8
253,1931641,48.3
254,0127100,46.6
255,0134619,53.7
256,1995786,90.5
257,1930163,92.5
258,1934553,93.9
259,1937697,91.8
260,1930213,75.0
261,1996537,48.1
262,1931732,20.0
263,0108407,81.5
264,1995398,85.6
265,1995844,81.0
266,1995406,81.3
267,1936624,79.3
268,1995968,10.0
269,1937051,88.6
270,0111872,95.0
271,0100081,83.5
272,1930288,95.8
273,1930528,85.2
274,1930601,82.5
275,1996479,14.1
276,1938166,92.0
277,1930700,90.8
278,1930981,89.1
279,1931088,93.0
280,1937739,91.0
281,1931187,88.6
282,0131573,62.9
283,1931237,93.5
284,1995877,64.3
285,0118521,33.9
286,0128488,17.6
287,1933951,86.5
288,1934926,84.7
289,1935048,85.8
290,0128496,9.1
291,1930312,24.0
292,1931666,88.0
293,1931823,94.4
294,1931567,82.6
295,1995695,38.9
296,0132969,95.8
297,1931963,85.4
298,1932326,86.1
299,1996057,15.2
300,1932086,90.9
301,1936418,93.4
302,1938372,90.7
303,1932201,95.7
304,1932441,91.4
305,1939164,91.4
306,0134858,95.3
307,1932482,91.9
308,1930320,87.7
309,1932664,87.2
310,1996123,24.5
311,1932680,85.4
312,1937481,89.5
313,1995661,89.9
314,1932706,87.6
315,1930353,37.3
316,1932763,95.7
317,1996131,97.7
318,1932144,95.7
319,1933530,89.1
320,1934082,88.7
321,1933597,94.8
322,1939677,57.3
323,1939834,93.6
324,1934801,87.3
325,1935246,90.6
326,1996560,23.8
327,1939925,82.4
328,0100354,94.6
329,1996586,96.8
330,1996529,92.0
331,1934231,70.2
332,1930080,94.1
333,1931781,94.5
334,1996438,95.2
335,1996313,97.0
336,0100602,99.2
337,1995935,82.8
338,1995539,98.8
339,0131938,77.8
340,0127381,94.8
341,0132324,96.6
342,1934470,85.6
343,1934678,86.3
344,1935758,94.0
345,1936947,91.9
346,1996503,89.6
347,0135525,77.8
348,1939875,87.5
349,0136119,81.0
350,0138669,54.4
351,0140681,91.1
352,0134346,69.2
353,1995869,95.5
354,1933399,96.0
355,0121939,0.9
356,1935121,88.3
357,0126615,91.7
358,0126623,91.8
359,0118588,67.7
360,1931385,14.7
361,1933852,89.3
362,0121285,87.9
363,0108936,95.2
364,0111500,91.4
365,0108894,96.5
366,0117606,86.8
367,0111658,95.8
368,0124941,86.8
369,0116509,90.3
370,0111492,95.9
371,0117598,82.5
372,0124891,87.1
373,0123133,82.9
374,0123141,96.0
375,1930734,33.3
376,0111583,92.1
377,0106849,95.7
378,0111575,88.5
379,0102434,86.6
380,0106831,93.0
381,0111625,94.7
382,0112045,87.8
383,0126482,78.5
384,1930866,90.6
385,1930924,71.2
386,0132126,85.8
387,1931047,88.7
388,1932821,25.4
389,0129536,79.5
390,0109512,18.9
391,0127910,91.7
392,1931476,85.0
393,1931526,87.7
394,0101659,76.5
395,0100800,88.5
396,1930387,15.0
397,0124396,84.4
398,0124370,87.3
399,0124388,82.1
400,0124404,80.6
401,0108878,83.8
402,1931708,84.2
403,1931336,18.8
404,0131821,79.5
405,0124495,82.0
406,0117721,84.2
407,0112870,77.7
408,0127795,79.5
409,1932128,61.7
410,1931930,22.3
411,0120360,79.5
412,0124503,83.8
413,0115253,92.3
414,0120808,18.9
415,1932888,95.6
416,0124479,82.3
417,0102921,99.3
418,0127803,97.8
419,0122374,83.8
420,0112037,84.1
421,0135723,91.0
422,0132282,91.3
423,0135715,96.9
424,0140129,79.3
425,0125864,97.9
426,0117051,90.5
427,1932623,89.7
428,1931955,20.0
429,0122382,82.2
430,0122341,82.1
431,1932342,6.0
432,1932920,84.3
433,0119966,79.7
434,1995448,95.0
435,0110668,27.3
436,1933241,80.7
437,1931518,12.3
438,1939305,65.3
439,1931864,86.6
440,1930619,25.8
441,1930296,26.0
442,0117069,79.3
443,1932250,8.0
444,0100677,90.5
445,1931393,21.3
446,1934033,83.9
447,0122358,88.7
448,0127787,83.3
449,1934157,85.9
450,0101196,84.5
451,1931690,37.8
452,0141630,91.0
453,1931450,12.4
454,1933381,92.9
455,1935865,80.9
456,1932334,13.7
457,1933118,80.5
458,1939941,88.9
459,1932987,85.3
460,1931971,3.6
461,1935568,87.8
462,1930940,35.2
463,1934454,69.9
464,1933001,93.1
465,0126516,96.1
466,0126524,93.7
467,0126532,82.2
468,0117747,84.5
469,1935352,81.3
470,1935519,78.2
471,0126136,97.7
472,0122333,97.2
473,0137562,53.7
474,0109462,87.3
475,0126573,79.3
476,0102913,93.2
477,1931484,24.6
478,1930486,18.6
479,1931989,11.3
480,1930791,34.2
481,1936160,82.1
482,0129585,82.7
483,0117911,62.4
484,0111484,44.8
485,1936350,89.1
486,0107003,80.5
487,1931997,40.1
488,0106997,96.4
489,0101675,91.9
490,1931500,16.9
491,1995836,80.5
492,0112052,83.5
493,0124511,82.2
494,1930650,86.5
495,0107755,89.6
496,0124487,84.0
497,0124933,85.9
498,0122606,90.8
499,1930577,25.7
500,0119727,89.4
501,1937085,23.3
502,0133868,93.1
503,1931435,21.9
504,1930551,35.3
505,1937622,84.7
506,1937838,87.3
507,0109447,85.0
508,0117762,90.3
509,0112029,87.0
510,0126540,90.8
511,1930973,21.5
512,0122366,84.8
513,0109454,88.1
514,1938307,86.6
515,0112508,90.7
516,0125989,96.4
517,1931559,53.6
518,1932383,70.1
519,0130997,91.5
520,1938554,81.9
521,1938612,87.8
522,0129627,81.1
523,1937424,90.0
524,1934371,81.0
525,1930692,19.1
526,1996073,28.5
527,1933795,82.8
528,1938885,87.7
529,0137083,85.5
530,0137091,79.1
531,0132027,90.2
532,0124362,86.4
533,0137612,87.1
534,0127894,90.4
535,1938968,83.9
536,1939040,89.0
537,1939107,83.6
538,1930429,13.5
539,0126557,80.0
540,0100750,95.6
541,1939479,80.0
542,0114850,80.9
543,1931856,21.3
544,1930403,7.4
545,1931534,41.4
546,0135632,92.8
547,1939859,83.6
548,1995794,25.9
549,1931682,33.1
550,1935436,87.7
551,0109538,86.2
552,1935808,91.6
553,1935923,93.1
554,0124552,86.7
555,1930825,85.9
556,1935998,88.3
557,1930155,90.3
558,1933647,83.5
559,1934728,93.1
560,1936467,91.4
561,0140889,86.0
562,1996552,96.4
563,1995588,95.9
564,0136705,93.6
565,1936749,88.6
566,1936103,90.8
567,1936822,89.9
568,1995901,89.8
569,1933175,82.8
570,1933324,87.2
571,1937028,81.3
572,1996495,90.8
573,1937143,94.9
574,1937564,90.2
575,1936228,84.9
576,1995810,94.3
577,1937754,96.3
578,1995737,90.0
579,1933373,40.0
580,1938000,93.9
581,1938455,95.6
582,1938679,95.5
583,1936277,93.3
584,1938356,95.3
585,1938752,91.8
586,1939602,93.7
587,1932862,96.2
588,1939149,96.1
589,0122432,89.2
590,0137042,94.9
591,1939537,91.8
592,1931302,91.2
593,1934868,93.2
594,1936889,87.0
595,1937903,91.1
596,1995653,30.4
597,1939701,86.8
598,1996321,99.2
599,1931492,90.8
600,0102459,89.6
601,1931740,94.0
602,1995802,93.4
603,0102475,94.5
604,1933902,90.9
605,0131128,96.6
606,0119636,94.9
607,0119016,98.7
608,0125021,87.6
609,0117010,87.1
610,0100180,47.6
611,2032357,89.3
612,0111443,12.3
613,2030203,89.4
614,2035707,85.5
615,0110965,83.8
616,0139691,87.3
617,0118950,75.6
618,2030104,60.7
619,2030237,77.4
620,2030070,12.5
621,2030013,82.0
622,2132272,90.6
623,2133056,93.6
624,2133262,93.5
625,2134005,94.9
626,2134310,95.3
627,2131340,96.4
628,2132587,96.8
629,2133692,95.9
630,2130078,80.4
631,2230100,40.0
632,2230076,44.4
633,2235356,87.0
634,2331361,93.4
635,2332260,91.3
636,2332724,57.7
637,2330207,57.1
638,2333185,93.5
639,2333649,95.5
640,2330041,81.6
641,2330033,33.3
642,2334563,73.8
643,2335024,90.0
644,0136887,37.1
645,2335487,82.9
646,2430114,88.9
647,2431203,86.7
648,2430015,36.1
649,2431807,92.3
650,2432409,93.2
651,2433001,90.0
652,2434207,88.2
653,0120923,87.5
654,2430163,20.8
655,2430601,87.2
656,2430205,89.0
657,0127373,86.1
658,2430098,87.5
659,2430049,32.1
660,2433605,91.0
661,2435204,87.2
662,2535409,90.6
663,2530020,26.3
664,2633006,91.7
665,2635001,100.0
666,2630010,89.2
667,2630028,20.0
668,0124990,43.0
669,2730414,94.4
670,2730885,91.2
671,2730265,39.4
672,2730117,9.3
673,0111435,91.2
674,2732808,93.9
675,2735348,89.1
676,2730034,87.4
677,2733657,93.5
678,2730109,90.5
679,2730166,90.7
680,2733178,87.8
681,0136697,88.4
682,2734556,90.0
683,2730190,89.3
684,2730174,89.3
685,2732170,88.5
686,0141010,28.3
687,2830073,1.7
688,0121087,93.7
689,2835601,90.4
690,2830115,91.3
691,2830016,92.9
692,2837102,96.4
693,0114314,77.5
694,2930048,92.4
695,2935500,88.3
696,2930030,39.7
697,0124834,86.3
698,0112367,95.6
699,3030228,87.0
700,3030038,94.0
701,3033115,92.0
702,3033057,88.8
703,3033784,85.1
704,3034204,84.9
705,3036712,86.5
706,3038239,86.2
707,3030640,95.6
708,0124131,60.4
709,3030210,93.5
710,3030855,84.1
711,3032505,89.0
712,3033362,91.4
713,3030335,43.1
714,3037090,91.8
715,3037348,95.5
716,3037496,96.6
717,3030434,91.6
718,3032752,92.5
719,3033578,95.2
720,3033933,89.8
721,3035581,94.7
722,3035706,88.1
723,3036555,89.5
724,3030368,38.3
725,3031895,94.7
726,3032158,95.4
727,3032943,93.7
728,3034410,93.3
729,3030145,90.8
730,3038445,90.2
731,3030129,30.6
732,3030152,93.5
733,3030657,94.5
734,0133405,94.5
735,3035102,92.6
736,3030285,94.2
737,3033206,95.9
738,3033917,96.5
739,3034907,26.5
740,0111666,96.1
741,3035045,93.2
742,0133983,87.4
743,0134841,56.2
744,0141978,86.3
745,3030046,94.2
746,3031952,92.2
747,3035409,88.3
748,3038098,92.3
749,3031929,93.5
750,3030053,93.8
751,3038023,92.6
752,0119404,95.3
753,3030061,91.8
754,3030244,92.8
755,3034956,91.7
756,3030079,43.0
757,3030392,93.5
758,3030491,84.7
759,0114736,96.9
760,3030608,98.0
761,0106567,82.8
762,3036357,88.0
763,0108365,94.7
764,3036456,87.1
765,0102871,93.9
766,3032109,94.0
767,3037553,88.9
768,3130101,0.0
769,3131851,92.3
770,3132453,92.5
771,0102293,88.1
772,0138081,38.0
773,3135704,91.0
774,3130150,95.1
775,0108084,94.7
776,0116459,90.1
777,3130184,93.3
778,3130119,46.7
779,3135308,88.5
780,3136504,89.5
781,0139840,90.8
782,3130176,92.4
783,3130010,96.0
784,3138500,91.0
785,3134657,90.5
786,0140541,94.7
787,0100057,40.0
788,0125732,91.3
789,3330008,87.4
790,3334299,88.8
791,3330479,83.0
792,3330990,89.1
793,0100255,89.4
794,0121673,79.8
795,3330446,87.2
796,3331600,87.0
797,0110627,91.5
798,0110759,97.7
799,3334232,87.0
800,3330701,91.8
801,3333192,84.3
802,3330669,90.8
803,3330388,90.3
804,0118885,89.3
805,3332673,84.1
806,0113159,81.9
807,3330537,81.5
808,3330412,86.7
809,0114157,87.9
810,3337136,84.5
811,3332350,84.9
812,0107920,85.8
813,3330487,89.2
814,3330396,83.3
815,3333770,82.1
816,3330438,86.0
817,3331071,82.7
818,0118794,90.7
819,3330529,92.3
820,0100420,91.2
821,3331014,91.7
822,3330578,86.0
823,3330818,81.0
824,3335130,87.8
825,0127316,86.5
826,3335759,87.5
827,0113191,85.9
828,0140491,90.0
829,3330727,86.2
830,3335973,77.0
831,0128397,32.1
832,0128777,56.0
833,0125237,60.3
834,3330024,87.0
835,3334406,85.9
836,3330859,92.1
837,3336237,88.4
838,3336492,89.2
839,3331006,39.1
840,3337656,80.2
841,3330743,91.5
842,0105734,92.6
843,3330636,47.0
844,3330370,89.7
845,0109108,86.9
846,0133306,87.2
847,3330552,89.5
848,3430378,84.2
849,0116897,92.2
850,3432572,89.2
851,3430477,81.9
852,3430873,92.7
853,3430592,88.8
854,0105916,89.1
855,0108753,93.7
856,3430618,86.3
857,3430170,80.3
858,3431533,81.5
859,3433216,91.0
860,3434792,28.8
861,0113571,96.2
862,3433471,90.6
863,0119131,92.1
864,0102236,84.9
865,3430584,79.7
866,0112425,98.1
867,4835302,82.7
868,0137950,46.2
869,0108951,82.8
870,3435419,85.4
871,0101899,88.3
872,3434636,74.6
873,3434768,81.8
874,3431012,80.5
875,0101972,80.5
876,0102038,77.2
877,0101881,80.0
878,0101907,78.1
879,3430865,97.8
880,3430493,88.9
881,3431111,88.7
882,3432051,84.7
883,3432317,86.4
884,3430386,40.0
885,3432838,71.6
886,0135772,80.8
887,3430048,82.0
888,3435930,84.4
889,3436714,91.1
890,3438504,70.8
891,0139584,30.4
892,3433265,77.1
893,0101832,79.4
894,3433794,78.5
895,0130757,41.5
896,3434370,78.4
897,3436979,80.7
898,3530060,94.2
899,0132308,6.7
900,3530045,0.0
901,3630423,86.1
902,3630894,79.8
903,3630076,93.8
904,3630803,74.6
905,3630290,27.4
906,3630225,89.6
907,3630845,10.8
908,0126243,73.5
909,3632205,84.7
910,3631157,84.9
911,3630373,90.6
912,3631058,91.8
913,3633906,85.3
914,3634482,86.3
915,3630571,88.9
916,3637659,33.3
917,3631587,3.5
918,3632502,88.7
919,3631017,90.1
920,3630035,86.2
921,3630522,94.7
922,3631322,80.0
923,3632742,80.7
924,0125500,79.7
925,3630555,82.4
926,3633302,86.1
927,3630902,89.3
928,0120758,84.9
929,0108191,89.0
930,3630407,80.3
931,0119115,83.8
932,3630746,81.4
933,0136432,49.7
934,3630563,82.8
935,3638616,85.1
936,3630266,3.8
937,3634169,83.4
938,0118802,87.9
939,3630779,84.0
940,3635042,85.9
941,3633005,82.4
942,3630597,86.7
943,0102830,84.6
944,3630530,35.5
945,3635265,85.9
946,3631082,83.0
947,3632221,85.1
948,0136952,72.3
949,0125450,77.7
950,3631090,93.8
951,3634680,77.5
952,3635844,77.1
953,3636081,81.4
954,0140012,73.9
955,3630274,78.5
956,3630233,80.4
957,3637584,88.6
958,0125419,74.6
959,3630787,72.5
960,3638012,73.4
961,3633351,40.6
962,3638509,89.1
963,0129320,88.5
964,3730447,90.2
965,0134890,46.0
966,3730694,94.1
967,3731163,50.0
968,0127423,93.9
969,3731478,93.8
970,0111195,94.1
971,0127241,95.7
972,3731023,96.1
973,3732062,84.9
974,3735313,84.1
975,3730058,89.9
976,3732179,89.8
977,3730967,55.0
978,3731692,81.0
979,3731809,90.5
980,3731486,75.0
981,3732336,90.3
982,3732625,87.5
983,3732732,95.0
984,0132548,55.5
985,0128793,66.7
986,3734548,86.1
987,3734761,83.2
988,3731262,96.0
989,3730066,89.7
990,3730702,93.3
991,3733219,77.5
992,3734878,78.6
993,0123224,64.5
994,3739018,91.7
995,3735206,85.1
996,0118935,96.9
997,3730074,94.8
998,3735867,92.8
999,3730819,94.3
1000,3731528,96.6
1001,3735974,90.7
1002,0115998,61.7
1003,3730173,88.3
1004,3731213,85.6
1005,0107177,83.1
1006,0127647,88.8
1007,0118315,95.1
1008,3737962,52.3
1009,0114462,87.4
1010,3732781,93.6
1011,3731247,93.6
1012,0106732,95.9
1013,0108787,87.2
1014,3732997,85.7
1015,0107094,69.3
1016,0107078,67.5
1017,0107102,69.5
1018,0107086,75.6
1019,0118851,85.5
1020,3733508,93.0
1021,0114025,81.0
1022,3733698,91.3
1023,3730181,89.8
1024,3734431,92.7
1025,3734654,85.5
1026,3735750,92.5
1027,0107219,84.3
1028,0107482,88.9
1029,0122788,92.2
1030,3730884,94.7
1031,3730231,39.3
1032,3730314,93.3
1033,0106328,98.0
1034,3731007,95.1
1035,3737418,96.5
1036,3737384,46.8
1037,3730033,94.0
1038,0105726,93.6
1039,3737632,93.7
1040,0114678,95.6
1041,0137067,98.0
1042,0114694,94.0
1043,0125401,36.5
1044,3730405,88.7
1045,3730801,84.0
1046,3731064,85.8
1047,3730843,93.4
1048,3732849,90.1
1049,3731304,40.1
1050,3733953,82.9
1051,3738234,87.3
1052,0111831,90.3
1053,3731627,91.1
1054,3731502,86.9
1055,3730124,89.0
1056,3738226,87.2
1057,3731114,91.6
1058,0118430,97.0
1059,0114264,79.6
1060,3730728,88.6
1061,3738705,88.8
1062,0139451,15.4
1063,3830361,2.6
1064,3830395,63.7
1065,0119958,89.4
1066,3830387,97.5
1067,3830288,88.7
1068,3830254,87.6
1069,0107300,92.2
1070,3830064,49.4
1071,3831765,86.4
1072,3830437,94.6
1073,3830197,60.3
1074,0102103,83.2
1075,0127530,85.9
1076,3830429,57.1
1077,3833241,88.6
1078,3833407,98.0
1079,3830403,74.6
1080,3834082,82.5
1081,3834769,80.0
1082,0119875,77.8
1083,3830205,77.0
1084,3839081,92.2
1085,3830031,46.0
1086,3932308,91.9
1087,0128967,95.0
1088,3933801,89.0
1089,3933959,93.6
1090,0101956,95.8
1091,3930237,85.8
1092,3934783,91.1
1093,3930443,96.0
1094,0108225,81.0
1095,3934759,87.1
1096,3932001,84.3
1097,0116376,86.5
1098,3935103,86.0
1099,3930310,90.6
1100,0101576,84.8
1101,0136135,58.4
1102,0133116,31.2
1103,3935756,95.4
1104,0108159,82.0
1105,3932100,84.1
1106,0115402,96.1
1107,0123802,95.9
1108,0124248,95.0
1109,3937406,75.5
1110,0119743,99.5
1111,0119784,39.7
1112,3930427,95.3
1113,0119040,90.6
1114,3930302,85.5
1115,0102392,91.5
1116,3938008,88.7
1117,4030102,72.4
1118,4030755,86.8
1119,4032009,90.2
1120,0125328,89.9
1121,4030268,85.4
1122,0119354,49.8
1123,4035754,84.4
1124,4034807,91.7
1125,4036703,91.2
1126,4037008,86.4
1127,4037701,96.1
1128,4030185,69.0
1129,4132817,94.8
1130,4133393,89.2
1131,4135075,95.8
1132,0127548,98.3
1133,4137535,93.3
1134,4137592,33.3
1135,4137790,89.0
1136,4135331,95.1
1137,0135269,82.8
1138,4130217,96.8
1139,4130472,96.6
1140,4130738,93.9
1141,0129759,97.4
1142,4133070,94.2
1143,4134557,96.5
1144,4136370,90.2
1145,4130993,97.7
1146,0126722,93.1
1147,0139915,82.8
1148,4133716,92.9
1149,4136693,92.8
1150,0112722,92.1
1151,0138420,95.4
1152,4138053,93.5
1153,4132551,94.1
1154,4137279,90.1
1155,4230587,94.6
1156,4231205,90.0
1157,4230454,88.3
1158,4233060,87.7
1159,0120402,35.8
1160,4231726,94.6
1161,4235230,91.6
1162,4235727,88.3
1163,4234613,89.4
1164,0102285,89.1
1165,4236030,87.7
1166,4236345,94.0
1167,4330866,94.8
1168,4331955,91.0
1169,4330239,96.2
1170,4336137,93.0
1171,4338505,93.3
1172,0125617,87.5
1173,0132274,87.5
1174,4332995,81.4
1175,0131995,88.5
1176,0107151,17.9
1177,4330692,96.3
1178,4330031,87.3
1179,4333639,81.8
1180,0116889,97.5
1181,4330668,91.0
1182,0130856,85.0
1183,4334900,86.2
1184,4335204,85.1
1185,4335907,95.0
1186,4330023,93.7
1187,4337903,93.5
1188,4335428,86.1
1189,4330015,89.6
1190,4330569,8.3
1191,4331799,96.3
1192,4332474,92.6
1193,4333316,95.7
1194,4334421,96.8
1195,4334462,97.2
1196,0118380,92.6
1197,0114496,97.7
1198,4332839,86.7
1199,4334371,97.4
1200,4337762,98.1
1201,4331039,62.3
1202,4334470,94.8
1203,0102368,91.3
1204,4333951,90.9
1205,4334116,95.1
1206,4334728,94.8
1207,4332904,95.6
1208,4335782,96.6
1209,4333795,86.7
1210,4330080,86.1
1211,4333522,95.6
1212,4335949,93.0
1213,4337200,79.8
1214,4338950,90.6
1215,0135087,29.9
1216,4330254,2.9
1217,0123794,93.4
1218,4338802,91.5
1219,0141283,89.5
1220,0135970,96.7
1221,4330122,92.5
1222,4330247,55.1
1223,0137315,90.1
1224,4430518,91.3
1225,4430245,93.2
1226,0105858,88.7
1227,4437901,88.2
1228,4436754,92.5
1229,4430096,33.3
1230,4430187,83.5
1231,4432340,90.8
1232,4437109,94.1
1233,4437406,93.9
1234,4430146,7.3
1235,4430211,96.3
1236,4530192,9.8
1237,4530804,81.0
1238,4530051,50.0
1239,4530028,84.7
1240,4530010,12.0
1241,4531901,82.3
1242,4530150,12.4
1243,4532750,85.5
1244,4530044,89.7
1245,4530200,27.6
1246,4530267,81.2
1247,4530309,38.1
1248,4537304,85.6
1249,4731253,88.2
1250,4732707,78.5
1251,4733309,89.6
1252,4734356,73.9
1253,4734901,50.0
1254,4735403,85.6
1255,4738753,84.3
1256,4739207,81.8
1257,4831004,94.3
1258,4832259,89.8
1259,4830170,93.4
1260,4830451,85.6
1261,4833000,84.6
1262,4830071,2.3
1263,4838801,91.2
1264,4830113,94.4
1265,0141150,6.3
1266,4837803,91.5
1267,4830089,89.1
1268,0139816,87.1
1269,4830147,81.9
1270,4830196,90.5
1271,4930855,91.9
1272,0123786,91.6
1273,4935482,90.8
1274,4930384,96.8
1275,4932554,93.8
1276,4930012,92.0
1277,4935151,93.2
1278,4930111,31.6
1279,4930160,80.6
1280,4930244,94.4
1281,4934154,87.9
1282,4935292,89.4
1283,4936803,87.5
1284,4937256,93.2
1285,4930400,94.1
1286,0138263,76.3
1287,4930228,92.9
1288,0108076,89.7
1289,5030879,88.1
1290,5030168,32.7
1291,0107136,84.9
1292,5031521,91.5
1293,5032651,91.9
1294,5030010,89.7
1295,5031380,77.7
1296,0110593,93.6
1297,0121129,93.2
1298,5034905,86.3
1299,5030135,85.2
1300,5031802,86.1
1301,5035902,89.6
1302,5035654,89.4
1303,5030192,38.6
1304,5036256,87.8
1305,5036850,91.6
1306,5030283,89.8
1307,5037700,88.9
1308,5030259,89.4
1309,5132758,93.7
1310,5135256,88.3
1311,0114207,26.9
1312,5137500,95.8
1313,0107722,81.6
1314,5139001,83.3
1315,5231675,26.5
1316,5231709,86.0
1317,0137414,24.7
1318,5235106,85.4
1319,5237201,84.3
1320,5237151,26.1
1321,5337407,89.9
1322,5330022,18.2
1323,5337456,86.8
1324,0125633,50.4
1325,5430301,88.0
1326,5433230,92.4
1327,5431184,89.4
1328,5431598,88.2
1329,5430210,90.2
1330,5432414,91.3
1331,0124776,9.8
1332,5430251,84.5
1333,0116590,95.8
1334,5432786,87.6
1335,5434113,86.5
1336,5434931,82.4
1337,0136507,57.3
1338,5430061,7.0
1339,0119602,91.2
1340,0107649,50.0
1341,0116368,90.8
1342,0130708,39.7
1343,5430145,25.0
1344,5435409,86.8
1345,5435466,89.3
1346,5430368,85.8
1347,5430046,84.9
1348,5432828,82.9
1349,5434527,89.6
1350,0109751,50.7
1351,0120659,89.2
1352,5436282,84.0
1353,5530084,74.4
1354,5530076,70.9
1355,5536503,84.8
1356,5530043,26.5
1357,5536750,89.6
1358,5633748,92.7
1359,5637004,94.3
1360,5630116,93.0
1361,5632021,89.6
1362,5633250,93.5
1363,5630371,93.6
1364,5630132,94.4
1365,5634076,90.2
1366,5631619,89.5
1367,0120634,84.1
1368,5631742,90.4
1369,0125674,37.8
1370,5632849,85.6
1371,5634548,90.1
1372,0136804,95.5
1373,5630389,89.1
1374,0131698,95.0
1375,5634761,86.3
1376,5635776,88.9
1377,5635008,90.3
1378,5630322,93.7
1379,5636188,90.5
1380,5630223,3.2
1381,0109900,51.3
1382,5630793,89.3
1383,5630298,82.2
1384,5630348,97.1
1385,5637822,89.0
1386,5732904,86.4
1387,5735154,87.8
1388,0135939,92.6
1389,0101162,93.0
1390,5738802,88.8
1391,0113787,46.4
1392,5830013,81.3
1393,5835202,83.3
1394,5838305,88.4
1395,5830047,2.5
